Run,Level,Steps,SolutionObjects,Mirrors,Refractors,RuleTransitions,Decoys,TotalObjects,GridWidth,GridHeight,Cl,Ch,Ci,MID,Solved,SolvePhase,SearchNodes,SearchTimeMs,TotalPlacements,InPlaceRotations,Relocations,ExecutionTimeMs,SweepIterations,SweepRelocations,SolveTimeMs,GenerationTimeMs
1,1,2,1,1,0,0,0,1,16,16,0.0039,0.0000,0.0000,0.0020,1,Sweep-S1,5,26.37,1,1,0,7216.48,4,0,7544.83,69.21
2,2,3,2,2,0,0,0,2,16,16,0.0078,0.0000,0.0000,0.0039,1,Sweep-S1,5,28.25,1,0,1,6390.65,4,0,6724.00,370.16
3,3,4,3,2,1,1,0,3,16,16,0.0117,0.5000,0.3333,0.2225,1,1A,138,16.33,1,1,0,5811.82,0,0,6447.22,11.58
4,4,5,4,1,3,2,0,4,16,16,0.0156,0.6667,0.7500,0.3578,0,Sweep,762,8264.51,1,0,1,5678.99,57,1,14245.16,11.79
5,4,6,4,3,1,2,0,4,16,16,0.0156,0.6667,0.2500,0.2578,1,Sweep-S1,5,16.57,2,0,2,15361.63,3,0,15683.30,12.34
6,5,7,4,3,1,1,0,4,16,16,0.0156,0.3333,0.2500,0.1578,0,Sweep,691,50.13,3,3,0,26702.17,106,0,27064.23,11.45
7,5,8,7,5,2,3,0,7,16,16,0.0273,0.5000,0.2857,0.2208,0,Sweep,70402,5715.01,3,3,0,25533.86,120,0,31562.18,12.54
8,5,9,7,4,3,5,0,7,16,16,0.0273,0.8333,0.4286,0.3494,0,Sweep,4818,402.28,4,4,0,33140.12,129,0,33847.15,11.84
9,5,2,1,1,0,0,1,2,16,16,0.0039,0.0000,0.0000,0.0020,1,Sweep-S1,5,14.69,1,1,0,5388.17,4,0,5715.81,12.22
10,6,3,2,2,0,0,1,3,16,16,0.0078,0.0000,0.0000,0.0039,1,1B,1,16.05,1,0,1,7764.79,0,0,8392.21,12.27
11,7,4,3,1,2,1,1,4,16,16,0.0117,0.5000,0.6667,0.2892,1,Sweep-S1,166,31.62,3,3,0,18134.06,21,0,18469.04,11.09
12,8,5,4,3,1,2,1,5,16,16,0.0156,0.6667,0.2500,0.2578,0,Sweep,4769,405.50,3,3,0,32117.16,152,0,32832.67,11.89
13,8,6,3,1,2,2,1,4,16,16,0.0117,1.0000,0.6667,0.4392,1,Sweep-S1,4112,353.44,1,0,1,7394.75,7,0,8048.87,12.02
14,9,7,6,3,3,5,1,7,16,16,0.0234,1.0000,0.5000,0.4117,0,Sweep,216800,8003.85,0,0,0,7526.76,73,0,15834.01,12.02
15,9,8,7,6,1,2,1,8,16,16,0.0273,0.3333,0.1429,0.1422,0,Sweep,253000,8014.56,0,0,0,10054.99,96,0,18376.59,11.66
16,9,9,4,3,1,1,1,5,16,16,0.0156,0.3333,0.2500,0.1578,0,Sweep,811,13797.24,1,0,1,10109.31,106,1,24209.93,10.86
17,9,2,1,1,0,0,2,3,16,16,0.0039,0.0000,0.0000,0.0020,1,Trivial,0,0.00,0,0,0,0.00,0,0,311.31,10.62
18,10,3,2,2,0,0,2,4,16,16,0.0078,0.0000,0.0000,0.0039,1,Sweep-S1,5,13.37,1,0,1,7238.16,4,0,7560.58,10.86
19,11,4,3,2,1,1,2,5,16,16,0.0117,0.5000,0.3333,0.2225,0,Sweep,770,10573.82,1,0,1,6286.62,65,1,17161.87,10.44
20,11,5,3,2,1,1,2,5,16,16,0.0117,0.5000,0.3333,0.2225,1,1B,1,12.45,1,0,1,7308.08,0,0,7929.57,10.71
21,12,6,5,5,0,0,2,7,16,16,0.0195,0.0000,0.0000,0.0098,0,Sweep,296000,8004.88,0,0,0,10566.01,109,0,18872.28,9.40
22,12,7,5,3,2,3,2,7,16,16,0.0195,0.7500,0.4000,0.3148,0,Sweep,65812,4725.68,6,6,0,36915.16,139,0,41946.75,11.08
23,12,8,4,3,1,1,2,6,16,16,0.0156,0.3333,0.2500,0.1578,1,Sweep-S1,5,13.34,1,0,1,6825.26,4,0,7139.25,10.10
24,13,9,5,4,1,2,2,7,16,16,0.0195,0.5000,0.2000,0.1998,1,Sweep-S1,5,37.20,1,0,1,6126.13,4,0,6476.87,10.74
25,14,2,1,1,0,0,3,4,16,16,0.0039,0.0000,0.0000,0.0020,1,Trivial,0,0.00,0,0,0,0.00,0,0,310.76,10.59
26,15,3,2,2,0,0,3,5,16,16,0.0078,0.0000,0.0000,0.0039,1,Sweep-S1,6,13.21,1,0,1,7392.36,5,0,7715.82,11.05
27,16,4,3,1,2,2,3,6,16,16,0.0117,1.0000,0.6667,0.4392,0,Sweep,174,25.91,4,4,0,33653.99,99,0,33986.18,10.83
28,16,5,4,2,2,2,3,7,16,16,0.0156,0.6667,0.5000,0.3078,0,Sweep,786,7081.06,1,0,1,7755.86,81,1,15145.32,10.86
29,16,6,4,4,0,0,3,7,16,16,0.0156,0.0000,0.0000,0.0078,0,Sweep,786,13994.32,1,0,1,10381.04,81,1,24684.39,10.01
30,16,7,4,3,1,2,3,7,16,16,0.0156,0.6667,0.2500,0.2578,0,Sweep,258000,8007.87,0,0,0,7624.57,78,0,15942.57,11.47
31,16,8,7,3,4,4,3,10,16,16,0.0273,0.6667,0.5714,0.3280,0,Sweep,312600,8009.46,0,0,0,12797.30,131,0,21108.70,11.35
32,16,9,8,4,4,2,3,11,16,16,0.0313,0.2857,0.5000,0.2013,1,Sweep-S1,13,38.64,1,0,1,6104.80,4,0,6446.59,11.11
33,17,2,1,1,0,0,4,5,16,16,0.0039,0.0000,0.0000,0.0020,1,Sweep-S1,5,11.72,1,1,0,5625.55,4,0,5940.06,11.47
34,18,3,2,2,0,0,4,6,16,16,0.0078,0.0000,0.0000,0.0039,0,Sweep,262246,8002.32,0,0,0,9024.05,93,0,17333.01,9.64
35,18,4,3,2,1,1,4,7,16,16,0.0117,0.5000,0.3333,0.2225,0,Sweep,790,16876.28,1,0,1,13108.03,85,1,30287.72,10.80
36,18,5,4,1,3,1,4,8,16,16,0.0156,0.3333,0.7500,0.2578,0,Sweep,220000,8009.40,0,0,0,8285.40,82,0,16597.23,13.49
37,18,6,3,2,1,1,4,7,16,16,0.0117,0.5000,0.3333,0.2225,1,1B,1,15.63,1,0,1,7277.65,0,0,7913.76,16.48
38,19,7,5,3,2,2,4,9,16,16,0.0195,0.5000,0.4000,0.2398,0,Sweep,202,29.91,7,7,0,46552.06,129,0,46889.10,11.78
39,19,8,5,2,3,3,4,9,16,16,0.0195,0.7500,0.6000,0.3548,0,Sweep,895,15149.78,1,0,1,21434.33,190,1,36886.96,11.23
40,19,9,8,8,0,0,4,12,16,16,0.0313,0.0000,0.0000,0.0156,0,Sweep,926,19215.88,0,0,0,40222.66,157,0,59751.89,12.21
41,19,2,1,1,0,0,0,1,16,16,0.0039,0.0000,0.0000,0.0020,1,Sweep-S1,5,12.02,1,1,0,5639.40,4,0,5954.96,10.38
42,20,3,2,2,0,0,0,2,16,16,0.0078,0.0000,0.0000,0.0039,1,Sweep-S1,5,13.49,1,0,1,5381.47,4,0,5698.85,10.31
43,21,4,3,2,1,1,0,3,16,16,0.0117,0.5000,0.3333,0.2225,0,Sweep,714,453.86,1,0,1,4601.56,49,1,5361.02,10.62
44,21,5,3,2,1,1,0,3,16,16,0.0117,0.5000,0.3333,0.2225,0,Sweep,754,6097.84,1,0,1,4732.00,49,1,11139.10,10.80
45,21,6,5,2,3,2,0,5,16,16,0.0195,0.5000,0.6000,0.2798,0,Sweep,8885,620.00,3,3,0,22761.23,90,0,23689.64,10.62
46,21,7,4,3,1,2,0,4,16,16,0.0156,0.6667,0.2500,0.2578,0,Sweep,65,13.00,1,1,0,11786.74,64,0,12107.97,10.25
47,21,8,4,1,3,2,0,4,16,16,0.0156,0.6667,0.7500,0.3578,0,Sweep,795,10700.93,1,0,1,8632.69,90,1,19643.74,10.86
48,21,9,8,5,3,5,0,8,16,16,0.0313,0.7143,0.3750,0.3049,1,1B,1,14.22,1,0,1,8849.06,0,0,9475.77,10.86
49,22,2,1,1,0,0,1,2,16,16,0.0039,0.0000,0.0000,0.0020,1,Trivial,0,0.00,0,0,0,0.00,0,0,311.04,10.25
50,23,3,2,2,0,0,1,3,16,16,0.0078,0.0000,0.0000,0.0039,1,Sweep-S1,21,24.78,2,2,0,10608.89,12,0,10944.52,10.86
51,24,4,3,3,0,0,1,4,16,16,0.0117,0.0000,0.0000,0.0059,1,Sweep-S1,5,13.67,1,0,1,6548.28,4,0,6872.62,10.13
52,25,5,3,2,1,1,1,4,16,16,0.0117,0.5000,0.3333,0.2225,0,Sweep,770,8214.17,1,0,1,6446.35,65,1,14961.67,11.05
53,25,6,3,2,1,2,1,4,16,16,0.0117,1.0000,0.3333,0.3725,1,Sweep-S1,8,13.37,1,0,1,8296.14,7,0,8614.87,9.34
54,26,7,6,4,2,2,1,7,16,16,0.0234,0.4000,0.3333,0.1984,1,1B,1,13.43,1,0,1,8306.52,0,0,8927.98,10.99
55,27,8,7,6,1,1,1,8,16,16,0.0273,0.1667,0.1429,0.0922,1,Sweep-S1,5,14.77,1,0,1,8281.01,4,0,8605.35,11.35
56,28,9,7,3,4,3,1,8,16,16,0.0273,0.5000,0.5714,0.2780,0,None,0,0.00,0,0,0,0.00,0,0,0.37,10.99
57,28,2,1,1,0,0,2,3,16,16,0.0039,0.0000,0.0000,0.0020,1,Trivial,0,0.00,0,0,0,0.00,0,0,302.98,10.25
58,29,3,2,2,0,0,2,4,16,16,0.0078,0.0000,0.0000,0.0039,1,Sweep-S1,5,13.31,1,0,1,6832.03,4,0,7150.64,10.74
59,30,4,3,2,1,1,2,5,16,16,0.0117,0.5000,0.3333,0.2225,0,Sweep,176,12.94,1,1,0,15262.33,102,0,15584.35,11.11
60,30,5,3,1,2,1,2,5,16,16,0.0117,0.5000,0.6667,0.2892,1,Sweep-S1,32781,2361.94,1,0,1,5378.42,4,0,8051.27,9.64
61,31,6,5,4,1,2,2,7,16,16,0.0195,0.5000,0.2000,0.1998,1,1B,1,12.82,1,0,1,7306.15,0,0,7934.08,9.89
62,32,7,3,2,1,2,2,5,16,16,0.0117,1.0000,0.3333,0.3725,0,Sweep,770,9998.78,1,0,1,6233.40,65,1,16537.84,10.50
63,32,8,6,3,3,2,2,8,16,16,0.0234,0.4000,0.5000,0.2317,1,1B,1,13.06,1,0,1,4931.03,0,0,5556.03,10.74
64,33,9,8,5,3,5,2,10,16,16,0.0313,0.7143,0.3750,0.3049,0,Sweep,814,15701.66,1,0,1,23038.09,109,1,39043.09,11.35
65,33,2,1,1,0,0,3,4,16,16,0.0039,0.0000,0.0000,0.0020,1,Sweep-S1,5,11.84,1,1,0,5632.32,4,0,5951.17,10.74
66,34,3,2,2,0,0,3,5,16,16,0.0078,0.0000,0.0000,0.0039,1,Sweep-S1,19,12.08,1,1,0,5745.12,18,0,6065.43,10.74
67,35,4,3,0,3,0,3,6,16,16,0.0117,0.0000,1.0000,0.2059,1,Sweep-S1,6,13.18,1,0,1,9383.91,5,0,9702.52,9.64
68,36,5,3,1,2,1,3,6,16,16,0.0117,0.5000,0.6667,0.2892,1,Sweep-S1,6,13.31,1,0,1,9754.76,5,0,10075.44,11.23
69,37,6,5,5,0,0,3,8,16,16,0.0195,0.0000,0.0000,0.0098,0,Sweep,697,39.55,5,5,0,37099.73,112,0,37441.04,10.86
70,37,7,4,3,1,1,3,7,16,16,0.0156,0.3333,0.2500,0.1578,0,Sweep,246800,8002.69,0,0,0,7047.73,73,0,15357.79,10.99
71,37,8,3,3,0,0,3,6,16,16,0.0117,0.0000,0.0000,0.0059,1,1B,1,13.43,1,0,1,7300.42,0,0,7927.37,10.25
72,38,9,7,5,2,2,3,10,16,16,0.0273,0.3333,0.2857,0.1708,0,Sweep,810,23726.81,1,0,1,14363.04,105,1,38395.02,9.77
73,38,2,1,1,0,0,4,5,16,16,0.0039,0.0000,0.0000,0.0020,1,Trivial,0,0.00,0,0,0,0.00,0,0,306.27,10.62
74,39,3,2,2,0,0,4,6,16,16,0.0078,0.0000,0.0000,0.0039,1,Sweep-S1,13,14.04,1,1,0,6567.02,4,0,6889.04,10.25
75,40,4,3,2,1,2,4,7,16,16,0.0117,1.0000,0.3333,0.3725,1,Sweep-S1,8,12.70,1,0,1,7802.61,7,0,8126.71,10.86
76,41,5,4,2,2,3,4,8,16,16,0.0156,1.0000,0.5000,0.4078,1,Sweep-S1,6,14.16,1,0,1,6878.17,5,0,7197.39,10.86
77,42,6,3,0,3,0,4,7,16,16,0.0117,0.0000,1.0000,0.2059,0,Sweep,81,12.45,1,1,0,11838.26,72,0,12152.59,10.86
78,42,7,5,3,2,2,4,9,16,16,0.0195,0.5000,0.4000,0.2398,1,Sweep-S1,141,28.32,6,6,0,26829.71,12,0,27161.74,10.86
79,43,8,7,2,5,2,4,11,16,16,0.0273,0.3333,0.7143,0.2565,1,Sweep-S1,13,39.55,1,0,1,8482.06,4,0,8828.98,11.11
80,44,9,8,4,4,5,4,12,16,16,0.0313,0.7143,0.5000,0.3299,0,None,0,0.00,0,0,0,0.00,0,0,0.24,11.11
81,44,2,1,1,0,0,0,1,16,16,0.0039,0.0000,0.0000,0.0020,1,Trivial,0,0.00,0,0,0,0.00,0,0,306.15,9.03
82,45,3,2,2,0,0,0,2,16,16,0.0078,0.0000,0.0000,0.0039,1,Sweep-S1,6,12.45,1,1,0,5115.60,4,0,5431.27,9.16
83,46,4,3,1,2,1,0,3,16,16,0.0117,0.5000,0.6667,0.2892,1,Sweep-S1,5,14.04,1,0,1,8813.11,4,0,9135.50,10.99
84,47,5,4,4,0,0,0,4,16,16,0.0156,0.0000,0.0000,0.0078,1,Sweep-S1,637,41.87,2,2,0,16189.58,52,0,16542.48,11.96
85,48,6,5,5,0,0,0,5,16,16,0.0195,0.0000,0.0000,0.0098,0,Sweep,673,39.67,3,3,0,25854.13,88,0,26199.71,10.74
86,48,7,3,2,1,1,0,3,16,16,0.0117,0.5000,0.3333,0.2225,1,1B,1,12.70,1,0,1,6788.82,0,0,7420.53,10.62
87,49,8,5,3,2,4,0,5,16,16,0.0195,1.0000,0.4000,0.3898,1,Sweep-S1,87,27.10,3,3,0,15756.84,13,0,16093.51,10.86
88,50,9,4,2,2,1,0,4,16,16,0.0156,0.3333,0.5000,0.2078,0,Sweep,49,13.31,1,0,1,9558.59,48,0,9872.56,10.25
89,50,2,1,1,0,0,1,2,16,16,0.0039,0.0000,0.0000,0.0020,1,Trivial,0,0.00,0,0,0,0.00,0,0,304.08,10.50
90,51,3,2,2,0,0,1,3,16,16,0.0078,0.0000,0.0000,0.0039,1,Sweep-S1,21,25.15,2,2,0,13015.01,12,0,13344.48,11.11
91,52,4,3,3,0,0,1,4,16,16,0.0117,0.0000,0.0000,0.0059,1,Sweep-S2,740,11561.16,1,0,1,3461.18,35,1,15329.47,10.50
92,53,5,4,2,2,3,1,5,16,16,0.0156,1.0000,0.5000,0.4078,1,Sweep-S1,5,14.28,1,0,1,7288.09,4,0,7611.94,10.99
93,54,6,4,3,1,1,1,5,16,16,0.0156,0.3333,0.2500,0.1578,1,Sweep-S1,5,12.82,1,0,1,7278.20,4,0,7593.02,10.86
94,55,7,6,2,4,4,1,7,16,16,0.0234,0.8000,0.6667,0.3851,1,Sweep-S1,6,12.82,1,0,1,7416.75,5,0,7738.89,10.62
95,56,8,5,1,4,2,1,6,16,16,0.0195,0.5000,0.8000,0.3198,0,Sweep,262278,8010.74,0,0,0,11974.73,125,0,20300.66,10.74
96,56,9,8,3,5,4,1,9,16,16,0.0313,0.5714,0.6250,0.3121,0,Sweep,304600,8001.34,0,0,0,11735.84,123,0,20046.63,12.08
97,56,2,1,1,0,0,2,3,16,16,0.0039,0.0000,0.0000,0.0020,1,Trivial,0,0.00,0,0,0,0.00,0,0,311.65,10.25
98,57,3,2,2,0,0,2,4,16,16,0.0078,0.0000,0.0000,0.0039,1,Sweep-S1,8,13.67,1,0,1,8332.64,7,0,8654.30,10.86
99,58,4,3,2,1,1,2,5,16,16,0.0117,0.5000,0.3333,0.2225,1,Sweep-S1,48,24.78,3,3,0,19689.57,31,0,20016.23,10.74
100,59,5,4,3,1,2,2,6,16,16,0.0156,0.6667,0.2500,0.2578,1,Sweep-S1,1077,80.69,4,4,0,20751.83,44,0,21142.33,11.23
101,60,6,5,2,3,1,2,7,16,16,0.0195,0.2500,0.6000,0.2048,0,Sweep,70843,5081.18,5,5,0,35853.03,114,0,41240.36,10.62
102,60,7,6,3,3,2,2,8,16,16,0.0234,0.4000,0.5000,0.2317,1,Sweep-S1,5,14.40,1,0,1,6561.28,4,0,6879.76,10.74
103,61,8,6,3,3,3,2,8,16,16,0.0234,0.6000,0.5000,0.2917,0,Sweep,798,13534.30,1,0,1,11561.28,93,1,25399.66,12.08
104,61,9,6,5,1,2,2,8,16,16,0.0234,0.4000,0.1667,0.1651,0,Sweep,148,12.70,1,1,0,18304.44,130,0,18620.61,9.77
105,61,2,1,1,0,0,3,4,16,16,0.0039,0.0000,0.0000,0.0020,1,Trivial,0,0.00,0,0,0,0.00,0,0,305.18,9.52
106,62,3,2,2,0,0,3,5,16,16,0.0078,0.0000,0.0000,0.0039,1,Trivial,0,0.00,0,0,0,0.00,0,0,303.22,10.74
107,63,4,3,1,2,1,3,6,16,16,0.0117,0.5000,0.6667,0.2892,1,Sweep-S1,65642,4610.84,4,4,0,23620.24,32,0,28538.57,10.74
108,64,5,4,2,2,1,3,7,16,16,0.0156,0.3333,0.5000,0.2078,0,Sweep,179,25.15,5,5,0,33837.65,96,0,34173.22,9.40
109,64,6,5,2,3,4,3,8,16,16,0.0195,1.0000,0.6000,0.4298,0,Sweep,86,11.84,1,1,0,11504.03,83,0,11818.97,9.77
110,64,7,6,3,3,4,3,9,16,16,0.0234,0.8000,0.5000,0.3517,0,Sweep,333200,8012.70,0,0,0,13439.82,140,0,21757.69,9.40
111,64,8,6,3,3,1,3,9,16,16,0.0234,0.2000,0.5000,0.1717,1,Sweep-S1,54,12.82,1,1,0,12343.38,53,0,12664.31,10.99
112,65,9,8,4,4,3,3,11,16,16,0.0313,0.4286,0.5000,0.2442,0,Sweep,32917,2322.51,2,0,2,28918.09,147,0,31550.78,11.11
113,65,2,1,1,0,0,4,5,16,16,0.0039,0.0000,0.0000,0.0020,1,Trivial,0,0.00,0,0,0,0.00,0,0,303.83,10.62
114,66,3,2,2,0,0,4,6,16,16,0.0078,0.0000,0.0000,0.0039,1,Sweep-S1,69,13.18,2,2,0,10273.93,4,0,10595.21,10.99
115,67,4,3,1,2,2,4,7,16,16,0.0117,1.0000,0.6667,0.4392,0,Sweep,786,15161.25,1,0,1,10567.38,81,1,26036.13,11.96
116,67,5,4,3,1,2,4,8,16,16,0.0156,0.6667,0.2500,0.2578,0,Sweep,4398,310.42,4,4,0,38842.53,172,0,39462.52,11.11
117,67,6,5,2,3,3,4,9,16,16,0.0195,0.7500,0.6000,0.3548,0,Sweep,267600,8009.52,0,0,0,12379.39,125,0,20689.94,12.45
118,67,7,6,4,2,3,4,10,16,16,0.0234,0.6000,0.3333,0.2584,0,Sweep,372000,8006.10,0,0,0,20290.28,195,0,28600.10,12.21
119,67,8,6,3,3,3,4,10,16,16,0.0234,0.6000,0.5000,0.2917,0,1A,295646,8011.72,0,0,0,16160.16,157,0,24480.96,12.45
120,67,9,7,6,1,1,4,11,16,16,0.0273,0.1667,0.1429,0.0922,1,1B,9,42.72,1,0,1,8354.98,0,0,9023.68,12.45
121,68,2,1,1,0,0,0,1,16,16,0.0039,0.0000,0.0000,0.0020,1,Sweep-S1,5,13.92,1,1,0,5625.73,4,0,5950.20,10.99
122,69,3,2,2,0,0,0,2,16,16,0.0078,0.0000,0.0000,0.0039,0,Sweep,750,3929.44,1,0,1,4547.12,45,1,8776.86,11.72
123,69,4,3,2,1,2,0,3,16,16,0.0117,1.0000,0.3333,0.3725,1,1B,1,15.87,1,0,1,8271.24,0,0,8908.94,11.96
124,70,5,4,1,3,1,0,4,16,16,0.0156,0.3333,0.7500,0.2578,1,1A,667,62.99,3,3,0,13151.37,0,0,13823.24,12.21
125,71,6,4,3,1,1,0,4,16,16,0.0156,0.3333,0.2500,0.1578,0,Sweep,184,15.38,1,1,0,16194.58,110,0,16522.95,11.72
126,71,7,5,2,3,2,0,5,16,16,0.0195,0.5000,0.6000,0.2798,1,Sweep-S1,82,30.27,4,4,0,20529.05,7,0,20872.80,11.72
127,72,8,6,4,2,2,0,6,16,16,0.0234,0.4000,0.3333,0.1984,0,Sweep,782,14244.38,1,0,1,10099.37,77,1,24654.30,12.45
128,72,9,6,5,1,2,0,6,16,16,0.0234,0.4000,0.1667,0.1651,1,Sweep-S1,93,29.54,4,4,0,24862.79,20,0,25204.35,11.96
129,73,2,1,1,0,0,1,2,16,16,0.0039,0.0000,0.0000,0.0020,1,Trivial,0,0.00,0,0,0,0.00,0,0,307.86,11.72
130,74,3,2,2,0,0,1,3,16,16,0.0078,0.0000,0.0000,0.0039,1,Sweep-S1,5,17.33,1,0,1,7339.11,4,0,7670.65,11.47
131,75,4,3,1,2,1,1,4,16,16,0.0117,0.5000,0.6667,0.2892,0,Sweep,4865,10723.63,0,0,0,5687.26,56,0,16722.17,13.43
132,75,5,4,4,0,0,1,5,16,16,0.0156,0.0000,0.0000,0.0078,1,Sweep-S1,581,57.13,2,2,0,13672.85,52,0,14031.25,11.96
133,76,6,4,3,1,1,1,5,16,16,0.0156,0.3333,0.2500,0.1578,0,Sweep,91,15.63,1,1,0,14943.12,89,0,15263.92,11.23
134,76,7,5,3,2,2,1,6,16,16,0.0195,0.5000,0.4000,0.2398,1,1B,1,13.92,1,0,1,7078.13,0,0,7702.88,10.74
135,77,8,6,4,2,2,1,7,16,16,0.0234,0.4000,0.3333,0.1984,0,Sweep,786,12326.90,1,0,1,10063.48,81,1,22694.58,10.99
136,77,9,8,5,3,5,1,9,16,16,0.0313,0.7143,0.3750,0.3049,1,1B,1,13.43,1,0,1,4628.66,0,0,5251.47,11.72
137,78,2,1,1,0,0,2,3,16,16,0.0039,0.0000,0.0000,0.0020,1,Trivial,0,0.00,0,0,0,0.00,0,0,304.44,10.99
138,79,3,2,2,0,0,2,4,16,16,0.0078,0.0000,0.0000,0.0039,0,Sweep,770,5830.32,1,0,1,6593.26,65,1,12735.11,10.01
139,79,4,3,1,2,1,2,5,16,16,0.0117,0.5000,0.6667,0.2892,0,Sweep,746,3319.58,1,0,1,6240.72,65,1,9871.83,11.23
140,79,5,4,3,1,2,2,6,16,16,0.0156,0.6667,0.2500,0.2578,0,Sweep,1203,74.71,3,3,0,28929.44,98,0,29309.57,9.77
141,79,6,4,3,1,1,2,6,16,16,0.0156,0.3333,0.2500,0.1578,1,1B,1,17.09,1,0,1,6864.75,0,0,7494.87,11.23
142,80,7,6,2,4,3,2,8,16,16,0.0234,0.6000,0.6667,0.3251,1,Sweep-S1,27,12.45,1,1,0,6928.47,10,0,7241.70,11.23
143,81,8,4,1,3,2,2,6,16,16,0.0156,0.6667,0.7500,0.3578,0,Sweep,98,14.89,1,0,1,17392.09,97,0,17711.67,11.72
144,81,9,7,3,4,5,2,9,16,16,0.0273,0.8333,0.5714,0.3780,0,Sweep,858,16227.54,1,0,1,17879.64,153,1,34408.20,11.47
145,81,2,1,1,0,0,3,4,16,16,0.0039,0.0000,0.0000,0.0020,1,Trivial,0,0.00,0,0,0,0.00,0,0,311.04,10.74
146,82,3,2,2,0,0,3,5,16,16,0.0078,0.0000,0.0000,0.0039,1,Sweep-S1,19,13.18,1,1,0,6287.35,18,0,6613.04,15.87
147,83,4,3,1,2,1,3,6,16,16,0.0117,0.5000,0.6667,0.2892,1,1B,1,13.43,1,0,1,6586.67,0,0,7209.96,11.72
148,84,5,4,0,4,0,3,7,16,16,0.0156,0.0000,1.0000,0.2078,1,Sweep-S1,65713,5027.34,6,6,0,28112.06,22,0,33446.29,11.23
149,85,6,5,2,3,3,3,8,16,16,0.0195,0.7500,0.6000,0.3548,0,Sweep,1234,82.28,7,7,0,45051.76,120,0,45434.33,10.99
150,85,7,6,3,3,2,3,9,16,16,0.0234,0.4000,0.5000,0.2317,1,Trivial,0,0.00,0,0,0,0.00,0,0,308.11,10.99
151,86,8,7,4,3,4,3,10,16,16,0.0273,0.6667,0.4286,0.2994,0,Sweep,276200,8013.18,0,0,0,10295.65,105,0,18612.30,10.99
152,86,9,7,7,0,0,3,10,16,16,0.0273,0.0000,0.0000,0.0137,0,Sweep,37084,2550.54,4,4,0,31502.69,154,0,34357.18,15.38
153,86,2,1,1,0,0,4,5,16,16,0.0039,0.0000,0.0000,0.0020,1,Sweep-S1,5,13.18,2,2,0,9645.02,4,0,9962.65,10.74
154,87,3,2,2,0,0,4,6,16,16,0.0078,0.0000,0.0000,0.0039,0,Sweep,782,11307.13,1,0,1,7373.05,77,1,18988.28,10.74
155,87,4,3,2,1,2,4,7,16,16,0.0117,1.0000,0.3333,0.3725,1,Sweep-S2,708,16685.79,1,0,1,3479.74,3,1,20466.06,10.50
156,88,5,3,2,1,1,4,7,16,16,0.0117,0.5000,0.3333,0.2225,1,Sweep-S1,8,20.26,1,0,1,8293.95,7,0,8629.88,11.96
157,89,6,4,0,4,0,4,8,16,16,0.0156,0.0000,1.0000,0.2078,0,Sweep,249200,8004.40,0,0,0,7953.37,82,0,16260.50,10.99
158,89,7,5,2,3,2,4,9,16,16,0.0195,0.5000,0.6000,0.2798,1,Sweep-S1,37,24.66,5,5,0,31948.49,28,0,32278.32,11.47
159,90,8,7,4,3,4,4,11,16,16,0.0273,0.6667,0.4286,0.2994,1,Sweep-S1,229800,8011.96,0,0,0,6432.37,62,0,14754.88,11.23
160,91,9,5,4,1,1,4,9,16,16,0.0195,0.2500,0.2000,0.1248,1,1B,1,13.18,1,0,1,9093.26,0,0,9714.11,11.23
161,92,2,1,1,0,0,0,1,16,16,0.0039,0.0000,0.0000,0.0020,1,Sweep-S1,5,12.21,1,1,0,5119.14,4,0,5433.11,10.25
162,93,3,2,2,0,0,0,2,16,16,0.0078,0.0000,0.0000,0.0039,1,Sweep-S1,21,24.17,2,2,0,10363.77,12,0,10688.72,10.25
163,94,4,3,2,1,1,0,3,16,16,0.0117,0.5000,0.3333,0.2225,0,Sweep,774,8088.87,1,0,1,6752.20,69,1,15151.86,9.03
164,94,5,4,2,2,1,0,4,16,16,0.0156,0.3333,0.5000,0.2078,1,Sweep-S1,180,27.10,3,3,0,17899.90,34,0,18232.42,9.28
165,95,6,5,1,4,1,0,5,16,16,0.0195,0.2500,0.8000,0.2448,1,Sweep-S1,9311,709.47,5,5,0,23559.08,21,0,24570.56,10.50
166,96,7,5,3,2,3,0,5,16,16,0.0195,0.7500,0.4000,0.3148,1,Sweep-S1,32781,2361.08,1,0,1,7103.76,4,0,9771.24,10.50
167,97,8,7,5,2,3,0,7,16,16,0.0273,0.5000,0.2857,0.2208,1,Sweep-S1,5,13.43,1,0,1,7036.38,4,0,7350.83,10.25
168,98,9,5,3,2,1,0,5,16,16,0.0195,0.2500,0.4000,0.1648,1,Sweep-S1,6,12.94,1,0,1,6456.54,5,0,6769.78,10.99
169,99,2,1,1,0,0,1,2,16,16,0.0039,0.0000,0.0000,0.0020,1,Sweep-S1,5,12.94,1,1,0,5622.07,4,0,5939.70,10.74
170,100,3,2,2,0,0,1,3,16,16,0.0078,0.0000,0.0000,0.0039,1,Sweep-S1,21,24.90,2,2,0,9840.58,12,0,10174.32,9.28
171,101,4,3,2,1,2,1,4,16,16,0.0117,1.0000,0.3333,0.3725,0,Sweep,790,7385.25,1,0,1,8191.41,85,1,15880.13,10.74
172,101,5,4,3,1,2,1,5,16,16,0.0156,0.6667,0.2500,0.2578,0,Sweep,32989,3771.97,4,0,4,28149.41,67,0,32230.71,10.99
173,101,6,4,3,1,2,1,5,16,16,0.0156,0.6667,0.2500,0.2578,0,Sweep,738,40.28,3,3,0,23000.73,97,0,23352.29,10.74
174,101,7,5,3,2,4,1,6,16,16,0.0195,1.0000,0.4000,0.3898,1,Sweep-S1,6,13.67,1,0,1,6716.31,5,0,7034.42,10.99
175,102,8,6,3,3,2,1,7,16,16,0.0234,0.4000,0.5000,0.2317,0,Sweep,119,24.41,4,4,0,33669.68,108,0,34003.91,9.52
176,102,9,7,6,1,2,1,8,16,16,0.0273,0.3333,0.1429,0.1422,0,Sweep,276600,8012.45,0,0,0,10216.80,106,0,18540.77,11.72
177,102,2,1,1,0,0,2,3,16,16,0.0039,0.0000,0.0000,0.0020,1,Trivial,0,0.00,0,0,0,0.00,0,0,301.51,10.74
178,103,3,2,2,0,0,2,4,16,16,0.0078,0.0000,0.0000,0.0039,1,Trivial,0,0.00,0,0,0,0.00,0,0,309.33,398.19
179,104,4,3,2,1,1,2,5,16,16,0.0117,0.5000,0.3333,0.2225,1,1B,1,12.45,1,0,1,6824.22,0,0,7442.14,10.74
180,105,5,4,1,3,1,2,6,16,16,0.0156,0.3333,0.7500,0.2578,0,Sweep,778,14516.60,1,0,1,9591.06,73,1,24412.84,10.99
181,105,6,5,2,3,3,2,7,16,16,0.0195,0.7500,0.6000,0.3548,1,Sweep-S1,8376,585.21,4,4,0,20052.25,37,0,20945.07,10.99
182,106,7,6,4,2,2,2,8,16,16,0.0234,0.4000,0.3333,0.1984,0,1A,303808,8001.95,0,0,0,11174.07,117,0,19479.25,10.99
183,106,8,6,4,2,3,2,8,16,16,0.0234,0.6000,0.3333,0.2584,0,Sweep,794,20905.76,1,0,1,12284.91,89,1,33497.31,11.47
184,106,9,8,3,5,3,2,10,16,16,0.0313,0.4286,0.6250,0.2692,0,Sweep,810,12834.47,1,0,1,12402.59,105,1,25541.26,10.50
185,106,2,1,1,0,0,3,4,16,16,0.0039,0.0000,0.0000,0.0020,1,Trivial,0,0.00,0,0,0,0.00,0,0,306.64,10.74
186,107,3,2,2,0,0,3,5,16,16,0.0078,0.0000,0.0000,0.0039,1,Sweep-S1,32782,2378.17,1,0,1,6165.77,5,0,8852.78,10.50
187,108,4,3,1,2,1,3,6,16,16,0.0117,0.5000,0.6667,0.2892,0,Sweep,32879,2204.59,4,4,0,26316.41,100,0,28828.37,10.74
188,108,5,3,1,2,2,3,6,16,16,0.0117,1.0000,0.6667,0.4392,1,1B,1,13.18,1,0,1,7295.17,0,0,7919.92,14.89
189,109,6,5,3,2,3,3,8,16,16,0.0195,0.7500,0.4000,0.3148,0,1A,266925,8083.25,0,0,0,15109.62,156,0,23500.98,10.99
190,109,7,6,3,3,4,3,9,16,16,0.0234,0.8000,0.5000,0.3517,0,Sweep,41767,2971.19,6,6,0,49092.04,156,0,52373.54,11.23
191,109,8,5,1,4,2,3,8,16,16,0.0195,0.5000,0.8000,0.3198,1,Sweep-S1,33,13.43,1,0,1,8758.06,32,0,9072.51,10.74
192,110,9,7,4,3,3,3,10,16,16,0.0273,0.5000,0.4286,0.2494,1,Sweep-S1,76,13.43,1,1,0,5984.13,3,0,6301.51,11.23
193,111,2,1,1,0,0,4,5,16,16,0.0039,0.0000,0.0000,0.0020,1,Trivial,0,0.00,0,0,0,0.00,0,0,308.35,10.74
194,112,3,2,2,0,0,4,6,16,16,0.0078,0.0000,0.0000,0.0039,0,Sweep,782,13473.63,1,0,1,9602.30,77,1,23383.54,10.74
195,112,4,3,1,2,1,4,7,16,16,0.0117,0.5000,0.6667,0.2892,0,Sweep,279400,8001.47,0,0,0,9711.67,101,0,18018.55,9.77
196,112,5,3,2,1,1,4,7,16,16,0.0117,0.5000,0.3333,0.2225,1,Sweep-S1,33,25.39,3,3,0,16674.32,23,0,17005.13,10.99
197,113,6,5,3,2,3,4,9,16,16,0.0195,0.7500,0.4000,0.3148,0,Sweep,344400,8001.22,0,0,0,14839.11,152,0,23142.58,10.74
198,113,7,5,3,2,1,4,9,16,16,0.0195,0.2500,0.4000,0.1648,0,Sweep,806,18676.76,1,0,1,12954.10,101,1,31935.55,10.74
199,113,8,5,3,2,3,4,9,16,16,0.0195,0.7500,0.4000,0.3148,1,Sweep-S1,147200,8003.17,0,0,0,260.01,2,0,8567.63,12.45
200,114,9,8,5,3,1,4,12,16,16,0.0313,0.1429,0.3750,0.1335,0,Sweep,857,21750.49,1,0,1,32443.36,152,1,54500.24,11.47
201,114,2,1,1,0,0,0,1,16,16,0.0039,0.0000,0.0000,0.0020,1,Trivial,0,0.00,0,0,0,0.00,0,0,300.54,9.52
202,115,3,2,2,0,0,0,2,16,16,0.0078,0.0000,0.0000,0.0039,1,Sweep-S1,6,12.70,1,1,0,6035.89,4,0,6351.07,10.50
203,116,4,3,2,1,2,0,3,16,16,0.0117,1.0000,0.3333,0.3725,1,Sweep-S1,87,24.66,2,2,0,11076.17,13,0,11405.76,10.74
204,117,5,4,3,1,1,0,4,16,16,0.0156,0.3333,0.2500,0.1578,0,Sweep,147,25.63,3,3,0,19763.67,72,0,20096.92,10.99
205,117,6,4,4,0,0,0,4,16,16,0.0156,0.0000,0.0000,0.0078,0,Sweep,766,10622.80,1,0,1,5862.31,61,1,16795.41,9.28
206,117,7,6,4,2,3,0,6,16,16,0.0234,0.6000,0.3333,0.2584,0,Sweep,782,12301.03,1,0,1,7388.92,77,1,19997.80,10.99
207,117,8,4,3,1,1,0,4,16,16,0.0156,0.3333,0.2500,0.1578,1,Sweep-S1,5,11.96,1,1,0,5639.16,4,0,5955.08,10.74
208,118,9,4,3,1,1,0,4,16,16,0.0156,0.3333,0.2500,0.1578,1,Sweep-S1,6,12.94,1,0,1,6459.72,5,0,6780.27,10.25
209,119,2,1,1,0,0,1,2,16,16,0.0039,0.0000,0.0000,0.0020,1,Sweep-S1,5,11.96,1,1,0,6131.35,4,0,6450.44,10.50
210,120,3,2,2,0,0,1,3,16,16,0.0078,0.0000,0.0000,0.0039,1,1B,1,13.67,1,0,1,7291.99,0,0,7920.65,10.25
211,121,4,3,3,0,0,1,4,16,16,0.0117,0.0000,0.0000,0.0059,1,Sweep-S1,29,24.90,4,4,0,22040.53,20,0,22373.54,10.99
212,122,5,3,1,2,2,1,4,16,16,0.0117,1.0000,0.6667,0.4392,1,Sweep-S1,6,13.43,1,0,1,5468.26,5,0,5790.28,10.50
213,123,6,4,2,2,2,1,5,16,16,0.0156,0.6667,0.5000,0.3078,0,Sweep,770,8873.78,1,0,1,6134.77,65,1,15315.19,9.52
214,123,7,5,3,2,3,1,6,16,16,0.0195,0.7500,0.4000,0.3148,1,Sweep-S1,34,25.39,3,3,0,19696.53,25,0,20025.63,9.52
215,124,8,6,4,2,2,1,7,16,16,0.0234,0.4000,0.3333,0.1984,0,Sweep,790,17862.30,1,0,1,11613.77,85,1,29785.64,10.99
216,124,9,5,3,2,1,1,6,16,16,0.0195,0.2500,0.4000,0.1648,0,Sweep,778,8202.39,1,0,1,6851.32,73,1,15357.18,9.52
217,124,2,1,1,0,0,2,3,16,16,0.0039,0.0000,0.0000,0.0020,1,Trivial,0,0.00,0,0,0,0.00,0,0,302.49,10.74
218,125,3,2,2,0,0,2,4,16,16,0.0078,0.0000,0.0000,0.0039,1,Sweep-S1,5,12.94,1,0,1,5882.08,4,0,6203.13,10.74
219,126,4,3,2,1,1,2,5,16,16,0.0117,0.5000,0.3333,0.2225,1,Sweep-S1,6,12.45,1,0,1,6855.23,5,0,7168.70,9.52
220,127,5,4,2,2,3,2,6,16,16,0.0156,1.0000,0.5000,0.4078,0,Sweep,778,14733.89,1,0,1,9738.28,73,1,24775.63,12.21
221,127,6,5,2,3,3,2,7,16,16,0.0195,0.7500,0.6000,0.3548,1,Trivial,0,0.00,0,0,0,0.00,0,0,312.01,10.99
222,128,7,6,4,2,2,2,8,16,16,0.0234,0.4000,0.3333,0.1984,0,Sweep,303800,8000.73,0,0,0,11937.99,123,0,20246.58,11.72
223,128,8,6,4,2,2,2,8,16,16,0.0234,0.4000,0.3333,0.1984,0,Sweep,256400,8012.94,0,0,0,8515.87,89,0,16831.79,13.43
224,128,9,7,5,2,2,2,9,16,16,0.0273,0.3333,0.2857,0.1708,1,Sweep-S3,303318,8010.01,0,0,0,14967.04,149,0,23289.06,11.23
225,129,2,1,1,0,0,3,4,16,16,0.0039,0.0000,0.0000,0.0020,1,Trivial,0,0.00,0,0,0,0.00,0,0,307.13,10.74
226,130,3,2,2,0,0,3,5,16,16,0.0078,0.0000,0.0000,0.0039,1,1B,1,13.67,1,0,1,8029.54,0,0,8647.46,10.50
227,131,4,3,1,2,1,3,6,16,16,0.0117,0.5000,0.6667,0.2892,1,Sweep-S1,5,13.18,1,0,1,6789.55,4,0,7107.91,10.74
228,132,5,4,2,2,2,3,7,16,16,0.0156,0.6667,0.5000,0.3078,0,Sweep,786,18087.89,1,0,1,10632.81,81,1,29028.81,10.74
229,132,6,3,2,1,1,3,6,16,16,0.0117,0.5000,0.3333,0.2225,0,Sweep,845,14137.70,1,0,1,15917.48,140,1,30365.72,10.74
230,132,7,5,2,3,2,3,8,16,16,0.0195,0.5000,0.6000,0.2798,1,Sweep-S1,66087,4607.91,7,7,0,32665.53,28,0,37582.03,9.28
231,133,8,7,4,3,5,3,10,16,16,0.0273,0.8333,0.4286,0.3494,0,Sweep,866,23652.83,1,0,1,19668.95,161,1,43625.49,11.23
232,133,9,5,4,1,2,3,8,16,16,0.0195,0.5000,0.2000,0.1998,1,Sweep-S1,5,13.67,1,0,1,7294.43,4,0,7614.75,11.23
233,134,2,1,1,0,0,4,5,16,16,0.0039,0.0000,0.0000,0.0020,1,Trivial,0,0.00,0,0,0,0.00,0,0,302.73,10.74
234,135,3,2,2,0,0,4,6,16,16,0.0078,0.0000,0.0000,0.0039,0,Sweep,228800,8011.23,0,0,0,6370.12,66,0,14684.57,11.23
235,135,4,3,1,2,1,4,7,16,16,0.0117,0.5000,0.6667,0.2892,0,Sweep,275400,8006.35,0,0,0,10563.48,106,0,18875.49,9.77
236,135,5,4,3,1,2,4,8,16,16,0.0156,0.6667,0.2500,0.2578,0,Sweep,761,56.15,6,6,0,42232.42,112,0,42600.10,12.70
237,135,6,5,4,1,2,4,9,16,16,0.0195,0.5000,0.2000,0.1998,0,Sweep,345000,8002.44,0,0,0,13913.57,145,0,22223.63,10.74
238,135,7,6,4,2,3,4,10,16,16,0.0234,0.6000,0.3333,0.2584,1,1B,1,14.65,1,0,1,5243.65,0,0,5868.65,13.67
239,136,8,7,4,3,3,4,11,16,16,0.0273,0.5000,0.4286,0.2494,1,1B,513,54.69,1,0,1,9980.47,0,0,10647.46,13.18
240,137,9,7,4,3,3,4,11,16,16,0.0273,0.5000,0.4286,0.2494,1,Sweep-S1,4102,298.83,1,0,1,7840.82,5,0,8443.85,11.23
241,138,2,1,1,0,0,0,1,16,16,0.0039,0.0000,0.0000,0.0020,1,Sweep-S1,5,13.18,1,1,0,4622.56,4,0,4945.80,12.70
242,139,3,2,2,0,0,0,2,16,16,0.0078,0.0000,0.0000,0.0039,1,Sweep-S1,21,23.93,2,2,0,10601.56,12,0,10938.48,8.79
243,140,4,3,2,1,1,0,3,16,16,0.0117,0.5000,0.3333,0.2225,0,Sweep,756,5777.34,1,0,1,4929.69,51,1,11019.04,11.23
244,140,5,4,3,1,1,0,4,16,16,0.0156,0.3333,0.2500,0.1578,0,Sweep,673,41.50,2,2,0,21925.78,80,0,22273.44,10.25
245,140,6,5,3,2,2,0,5,16,16,0.0195,0.5000,0.4000,0.2398,0,Sweep,5285,441.41,3,3,0,21970.21,90,0,22713.38,10.74
246,140,7,4,2,2,3,0,4,16,16,0.0156,1.0000,0.5000,0.4078,0,Sweep,123,13.67,2,2,0,19792.97,120,0,20106.93,9.28
247,140,8,6,3,3,2,0,6,16,16,0.0234,0.4000,0.5000,0.2317,0,Sweep,69908,4932.62,5,5,0,35389.16,137,0,40633.30,9.77
248,140,9,4,3,1,2,0,4,16,16,0.0156,0.6667,0.2500,0.2578,1,Sweep-S1,5,14.65,1,0,1,6375.98,4,0,6699.71,12.21
249,141,2,1,1,0,0,1,2,16,16,0.0039,0.0000,0.0000,0.0020,1,Trivial,0,0.00,0,0,0,0.00,0,0,338.87,10.74
250,142,3,2,2,0,0,1,3,16,16,0.0078,0.0000,0.0000,0.0039,0,Sweep,762,4062.01,1,0,1,5604.49,57,1,9968.26,10.74
251,142,4,3,2,1,2,1,4,16,16,0.0117,1.0000,0.3333,0.3725,1,Sweep-S1,100,24.90,3,3,0,19259.28,19,0,19593.75,10.74
252,143,5,3,2,1,2,1,4,16,16,0.0117,1.0000,0.3333,0.3725,1,Sweep-S1,5,12.70,1,0,1,6955.57,4,0,7279.79,9.77
253,144,6,5,3,2,2,1,6,16,16,0.0195,0.5000,0.4000,0.2398,0,Sweep,5276,369.14,5,5,0,36224.61,147,0,36899.41,9.77
254,144,7,4,3,1,1,1,5,16,16,0.0156,0.3333,0.2500,0.1578,1,1A,3,13.67,1,1,0,3659.67,0,0,4277.34,10.74
255,145,8,4,2,2,1,1,5,16,16,0.0156,0.3333,0.5000,0.2078,1,Sweep-S1,25,13.18,1,0,1,9769.04,24,0,10083.50,11.23
256,146,9,4,3,1,2,1,5,16,16,0.0156,0.6667,0.2500,0.2578,1,Sweep-S1,5,13.18,1,0,1,6067.87,4,0,6382.81,9.77
257,147,2,1,1,0,0,2,3,16,16,0.0039,0.0000,0.0000,0.0020,1,Sweep-S1,5,12.21,1,1,0,5638.67,4,0,5962.40,8.79
258,148,3,2,2,0,0,2,4,16,16,0.0078,0.0000,0.0000,0.0039,1,Sweep-S1,6,13.67,1,1,0,6309.08,4,0,6625.49,11.23
259,149,4,3,0,3,0,2,5,16,16,0.0117,0.0000,1.0000,0.2059,1,Sweep-S1,6,12.70,1,0,1,8869.14,5,0,9184.57,10.74
260,150,5,4,3,1,1,2,6,16,16,0.0156,0.3333,0.2500,0.1578,0,Sweep,232400,8000.98,0,0,0,6284.18,66,0,14589.84,12.21
261,150,6,5,4,1,2,2,7,16,16,0.0195,0.5000,0.2000,0.1998,1,Sweep-S1,6,12.21,1,1,0,5348.63,4,0,5670.41,11.23
262,151,7,6,3,3,2,2,8,16,16,0.0234,0.4000,0.5000,0.2317,0,Sweep,1317,88.38,5,5,0,46162.60,219,0,46557.62,10.74
263,151,8,7,5,2,4,2,9,16,16,0.0273,0.6667,0.2857,0.2708,0,Sweep,73973,5397.46,7,7,0,54484.86,172,0,60184.08,10.74
264,151,9,8,3,5,3,2,10,16,16,0.0313,0.4286,0.6250,0.2692,0,Sweep,366200,8004.40,0,0,0,16427.73,164,0,24742.68,10.74
265,151,2,1,1,0,0,3,4,16,16,0.0039,0.0000,0.0000,0.0020,1,Sweep-S1,5,12.21,1,1,0,5115.23,4,0,5428.71,11.23
266,152,3,2,2,0,0,3,5,16,16,0.0078,0.0000,0.0000,0.0039,1,Sweep-S1,21,23.93,4,4,0,21669.92,12,0,21999.51,11.23
267,153,4,3,2,1,1,3,6,16,16,0.0117,0.5000,0.3333,0.2225,1,Sweep-S1,6,13.67,1,0,1,5704.59,5,0,6023.44,14.65
268,154,5,4,4,0,0,3,7,16,16,0.0156,0.0000,0.0000,0.0078,1,Sweep-S1,637,42.48,4,4,0,24882.81,52,0,25232.91,11.23
269,155,6,5,4,1,1,3,8,16,16,0.0195,0.2500,0.2000,0.1248,0,1A,262841,8001.95,0,0,0,16882.32,175,0,25192.87,10.25
270,155,7,6,0,6,0,3,9,16,16,0.0234,0.0000,1.0000,0.2117,1,Sweep-S1,4687,405.76,4,4,0,20115.72,6,0,20824.22,11.72
271,156,8,5,2,3,4,3,8,16,16,0.0195,1.0000,0.6000,0.4298,1,Sweep-S1,4626,346.19,5,5,0,25095.21,7,0,25746.58,11.23
272,157,9,8,4,4,5,3,11,16,16,0.0313,0.7143,0.5000,0.3299,0,Sweep,130,43.95,1,0,1,21190.43,121,0,21536.13,11.72
273,157,2,1,1,0,0,4,5,16,16,0.0039,0.0000,0.0000,0.0020,1,Sweep-S1,5,14.16,2,2,0,12743.16,4,0,13061.52,10.74
274,158,3,2,2,0,0,4,6,16,16,0.0078,0.0000,0.0000,0.0039,1,Sweep-S1,19,13.67,1,1,0,6218.75,18,0,6543.46,10.74
275,159,4,3,2,1,2,4,7,16,16,0.0117,1.0000,0.3333,0.3725,1,Sweep-S1,32869,2466.80,4,4,0,23423.34,28,0,26195.80,10.74
276,160,5,4,3,1,2,4,8,16,16,0.0156,0.6667,0.2500,0.2578,0,Sweep,4739,336.43,7,7,0,48821.29,122,0,49468.75,11.23
277,160,6,5,2,3,2,4,9,16,16,0.0195,0.5000,0.6000,0.2798,0,Sweep,37077,2651.86,4,4,0,30369.63,138,0,33330.57,10.25
278,160,7,6,1,5,1,4,10,16,16,0.0234,0.2000,0.8333,0.2384,1,1B,1,13.67,1,0,1,4614.75,0,0,5232.42,11.23
279,161,8,7,6,1,2,4,11,16,16,0.0273,0.3333,0.1429,0.1422,1,Sweep-S1,14,90.82,2,0,2,11800.29,4,0,12196.29,11.23
280,162,9,7,4,3,4,4,11,16,16,0.0273,0.6667,0.4286,0.2994,0,Sweep,811,10925.29,0,0,0,18463.87,98,0,29691.89,11.72
281,162,2,1,1,0,0,0,1,16,16,0.0039,0.0000,0.0000,0.0020,1,Trivial,0,0.00,0,0,0,0.00,0,0,305.66,11.23
282,163,3,2,2,0,0,0,2,16,16,0.0078,0.0000,0.0000,0.0039,1,Sweep-S1,19,13.18,1,1,0,6217.29,18,0,6532.23,10.74
283,164,4,3,3,0,0,0,3,16,16,0.0117,0.0000,0.0000,0.0059,1,Sweep-S1,29,23.93,3,3,0,17251.95,20,0,17579.10,10.74
284,165,5,4,2,2,3,0,4,16,16,0.0156,1.0000,0.5000,0.4078,0,Sweep,604,41.99,3,3,0,20358.40,73,0,20704.10,10.74
285,165,6,5,3,2,3,0,5,16,16,0.0195,0.7500,0.4000,0.3148,0,Sweep,5230,359.86,4,4,0,27154.79,100,0,27817.38,9.77
286,165,7,5,4,1,1,0,5,16,16,0.0195,0.2500,0.2000,0.1248,1,Sweep-S1,45,13.18,1,1,0,9872.56,27,0,10189.45,10.74
287,166,8,5,3,2,2,0,5,16,16,0.0195,0.5000,0.4000,0.2398,0,Sweep,770,10416.02,1,0,1,6134.28,65,1,16853.52,9.77
288,166,9,5,2,3,1,0,5,16,16,0.0195,0.2500,0.6000,0.2048,0,Sweep,57,12.21,1,0,1,12931.15,56,0,13248.54,13.18
289,166,2,1,1,0,0,1,2,16,16,0.0039,0.0000,0.0000,0.0020,1,Trivial,0,0.00,0,0,0,0.00,0,0,310.06,10.74
290,167,3,2,2,0,0,1,3,16,16,0.0078,0.0000,0.0000,0.0039,1,Sweep-S1,21,29.30,2,2,0,10661.13,12,0,10992.68,9.28
291,168,4,3,2,1,2,1,4,16,16,0.0117,1.0000,0.3333,0.3725,0,Sweep,1133,80.08,3,3,0,22314.94,100,0,22697.27,9.28
292,168,5,4,2,2,2,1,5,16,16,0.0156,0.6667,0.5000,0.3078,0,Sweep,1125,83.98,3,3,0,20685.55,82,0,21081.05,11.23
293,168,6,5,2,3,1,1,6,16,16,0.0195,0.2500,0.6000,0.2048,0,Sweep,66733,4670.90,4,4,0,29422.85,99,0,34393.55,15.14
294,168,7,6,2,4,3,1,7,16,16,0.0234,0.6000,0.6667,0.3251,1,Sweep-S1,598,41.99,3,3,0,14905.76,13,0,15260.25,11.23
295,169,8,4,2,2,1,1,5,16,16,0.0156,0.3333,0.5000,0.2078,1,Sweep-S1,138,25.88,4,4,0,23276.37,49,0,23614.26,10.74
296,170,9,8,5,3,3,1,9,16,16,0.0313,0.4286,0.3750,0.2192,0,Sweep,804,14938.96,1,0,1,12091.31,99,1,27337.40,11.23
297,170,2,1,1,0,0,2,3,16,16,0.0039,0.0000,0.0000,0.0020,1,Sweep-S1,5,12.21,1,1,0,4604.98,4,0,4923.34,9.77
298,171,3,2,2,0,0,2,4,16,16,0.0078,0.0000,0.0000,0.0039,1,Sweep-S1,21,23.93,4,4,0,25851.56,12,0,26181.15,9.28
299,172,4,3,2,1,1,2,5,16,16,0.0117,0.5000,0.3333,0.2225,0,Sweep,774,12726.56,1,0,1,6675.78,69,1,19715.33,10.74
300,172,5,4,2,2,2,2,6,16,16,0.0156,0.6667,0.5000,0.3078,0,Sweep,8357,574.22,4,4,0,25006.35,90,0,25882.81,10.74
301,172,6,5,3,2,2,2,7,16,16,0.0195,0.5000,0.4000,0.2398,0,Sweep,786,16509.77,1,0,1,10760.25,81,1,27575.68,10.25
302,172,7,6,1,5,2,2,8,16,16,0.0234,0.4000,0.8333,0.2984,0,Sweep,139,30.27,3,3,0,23751.46,121,0,24090.82,26.37
303,172,8,7,5,2,1,2,9,16,16,0.0273,0.1667,0.2857,0.1208,1,Trivial,0,0.00,0,0,0,0.00,0,0,313.96,12.70
304,173,9,8,4,4,3,2,10,16,16,0.0313,0.4286,0.5000,0.2442,0,Sweep,38147,3112.79,8,8,0,54932.62,185,0,58358.40,12.21
305,173,2,1,1,0,0,3,4,16,16,0.0039,0.0000,0.0000,0.0020,1,Sweep-S1,5,14.16,1,1,0,5648.44,4,0,5964.84,12.21
306,174,3,2,2,0,0,3,5,16,16,0.0078,0.0000,0.0000,0.0039,1,Trivial,0,0.00,0,0,0,0.00,0,0,300.29,10.74
307,175,4,3,3,0,0,3,6,16,16,0.0117,0.0000,0.0000,0.0059,1,Sweep-S1,29,29.79,4,4,0,20127.93,20,0,20467.77,12.21
308,176,5,3,3,0,0,3,6,16,16,0.0117,0.0000,0.0000,0.0059,0,Sweep,217000,8002.44,0,0,0,7546.39,71,0,15860.35,11.72
309,176,6,5,2,3,3,3,8,16,16,0.0195,0.7500,0.6000,0.3548,1,Sweep-S1,5,14.65,3,3,0,13748.05,4,0,14064.45,12.70
310,177,7,6,5,1,1,3,9,16,16,0.0234,0.2000,0.1667,0.1051,0,1A,295142,8004.40,0,0,0,16613.77,155,0,24924.32,12.21
311,177,8,6,3,3,4,3,9,16,16,0.0234,0.8000,0.5000,0.3517,1,Sweep-S1,5,15.14,2,2,0,10036.62,4,0,10358.89,12.21
312,178,9,8,4,4,5,3,11,16,16,0.0313,0.7143,0.5000,0.3299,0,Sweep,1357,17195.80,0,0,0,36916.99,140,0,54413.09,12.70
313,178,2,1,1,0,0,4,5,16,16,0.0039,0.0000,0.0000,0.0020,1,Trivial,0,0.00,0,0,0,0.00,0,0,313.48,11.72
314,179,3,2,2,0,0,4,6,16,16,0.0078,0.0000,0.0000,0.0039,1,Trivial,0,0.00,0,0,0,0.00,0,0,308.11,12.70
315,180,4,3,1,2,2,4,7,16,16,0.0117,1.0000,0.6667,0.4392,1,Sweep-S1,192000,8009.28,0,0,0,6276.86,60,0,14587.40,12.21
316,181,5,4,4,0,0,4,8,16,16,0.0156,0.0000,0.0000,0.0078,1,Sweep-S1,58,15.14,1,1,0,13084.96,56,0,13409.18,12.21
317,182,6,5,2,3,3,4,9,16,16,0.0195,0.7500,0.6000,0.3548,1,1A,3,15.63,1,1,0,4638.67,0,0,5258.79,11.72
318,183,7,6,3,3,5,4,10,16,16,0.0234,1.0000,0.5000,0.4117,1,Sweep-S1,4182,305.66,4,4,0,19644.53,13,0,20256.84,11.23
319,184,8,6,4,2,2,4,10,16,16,0.0234,0.4000,0.3333,0.1984,0,Sweep,351600,8005.37,0,0,0,14976.56,157,0,23284.18,11.23
320,184,9,7,2,5,4,4,11,16,16,0.0273,0.6667,0.7143,0.3565,1,Sweep-S2,723,18107.42,1,0,1,16223.14,18,1,34642.58,11.72
321,185,2,1,1,0,0,0,1,16,16,0.0039,0.0000,0.0000,0.0020,1,Sweep-S1,5,12.21,1,1,0,5620.61,4,0,5937.50,9.77
322,186,3,2,2,0,0,0,2,16,16,0.0078,0.0000,0.0000,0.0039,1,Sweep-S1,13,12.70,1,1,0,5796.88,4,0,6121.58,12.70
323,187,4,3,2,1,1,0,3,16,16,0.0117,0.5000,0.3333,0.2225,1,1B,1,12.70,1,0,1,7840.82,0,0,8466.80,10.74
324,188,5,4,4,0,0,0,4,16,16,0.0156,0.0000,0.0000,0.0078,0,Sweep,766,7991.70,1,0,1,5929.69,61,1,14222.17,10.74
325,188,6,4,3,1,2,0,4,16,16,0.0156,0.6667,0.2500,0.2578,1,1B,1,13.67,1,0,1,9024.41,0,0,9652.34,11.23
326,189,7,5,1,4,1,0,5,16,16,0.0195,0.2500,0.8000,0.2448,1,1A,27,28.32,2,2,0,10292.48,0,0,10937.99,10.74
327,190,8,6,4,2,2,0,6,16,16,0.0234,0.4000,0.3333,0.1984,0,Sweep,210,27.34,4,4,0,28703.13,121,0,29040.04,10.74
328,190,9,7,4,3,5,0,7,16,16,0.0273,0.8333,0.4286,0.3494,1,Sweep-S1,8,13.67,1,0,1,7590.82,7,0,7906.25,10.74
329,191,2,1,1,0,0,1,2,16,16,0.0039,0.0000,0.0000,0.0020,1,Trivial,0,0.00,0,0,0,0.00,0,0,301.76,10.74
330,192,3,2,2,0,0,1,3,16,16,0.0078,0.0000,0.0000,0.0039,1,Sweep-S1,6,13.18,1,1,0,6050.78,4,0,6375.49,10.25
331,193,4,3,0,3,0,1,4,16,16,0.0117,0.0000,1.0000,0.2059,1,Sweep-S1,85,26.37,4,4,0,17302.73,2,0,17634.77,9.77
332,194,5,4,2,2,1,1,5,16,16,0.0156,0.3333,0.5000,0.2078,1,Sweep-S1,6,13.18,1,0,1,6710.94,5,0,7030.76,10.25
333,195,6,4,3,1,2,1,5,16,16,0.0156,0.6667,0.2500,0.2578,0,Sweep,33602,9456.06,0,0,0,13307.13,65,0,23075.20,10.25
334,195,7,3,3,0,0,1,4,16,16,0.0117,0.0000,0.0000,0.0059,1,1B,1,21.48,1,0,1,6815.43,0,0,7452.64,10.25
335,196,8,6,3,3,3,1,7,16,16,0.0234,0.6000,0.5000,0.2917,0,Sweep,786,12933.11,1,0,1,7663.57,81,1,20897.46,10.74
336,196,9,5,3,2,2,1,6,16,16,0.0195,0.5000,0.4000,0.2398,0,Sweep,782,11913.57,1,0,1,7437.99,77,1,19654.30,11.23
337,196,2,1,1,0,0,2,3,16,16,0.0039,0.0000,0.0000,0.0020,1,Sweep-S1,5,12.21,1,1,0,5122.07,4,0,5441.90,9.28
338,197,3,2,2,0,0,2,4,16,16,0.0078,0.0000,0.0000,0.0039,1,Sweep-S1,13,12.21,1,1,0,5800.78,4,0,6116.70,11.23
339,198,4,3,2,1,1,2,5,16,16,0.0117,0.5000,0.3333,0.2225,0,Sweep,774,7166.02,1,0,1,6632.32,69,1,14107.42,10.25
340,198,5,4,3,1,2,2,6,16,16,0.0156,0.6667,0.2500,0.2578,0,Sweep,32945,2369.63,3,3,0,28790.53,96,0,31466.80,12.70
341,198,6,5,3,2,3,2,7,16,16,0.0195,0.7500,0.4000,0.3148,0,Sweep,790,17957.52,1,0,1,11381.84,85,1,29641.60,11.23
342,198,7,6,4,2,3,2,8,16,16,0.0234,0.6000,0.3333,0.2584,0,Sweep,70423,4735.84,5,5,0,35569.82,141,0,40616.70,11.23
343,198,8,5,4,1,2,2,7,16,16,0.0195,0.5000,0.2000,0.1998,1,Sweep-S1,5,12.70,1,0,1,6320.31,4,0,6636.23,13.67
344,199,9,6,3,3,2,2,8,16,16,0.0234,0.4000,0.5000,0.2317,1,Sweep-S1,5,15.63,1,0,1,7083.50,4,0,7401.37,11.23
345,200,2,1,1,0,0,3,4,16,16,0.0039,0.0000,0.0000,0.0020,1,Trivial,0,0.00,0,0,0,0.00,0,0,316.41,11.72
346,201,3,2,2,0,0,3,5,16,16,0.0078,0.0000,0.0000,0.0039,1,Sweep-S1,6,15.14,1,0,1,7141.60,5,0,7459.47,9.77
347,202,4,3,1,2,1,3,6,16,16,0.0117,0.5000,0.6667,0.2892,0,Sweep,778,14566.41,1,0,1,9672.85,73,1,24544.92,10.74
348,202,5,4,1,3,2,3,7,16,16,0.0156,0.6667,0.7500,0.3578,0,Sweep,5259,368.65,5,5,0,37406.74,121,0,38075.68,11.23
349,202,6,5,2,3,2,3,8,16,16,0.0195,0.5000,0.6000,0.2798,0,Sweep,794,13670.90,1,0,1,11418.95,89,1,25392.58,11.72
350,202,7,4,3,1,2,3,7,16,16,0.0156,0.6667,0.2500,0.2578,1,1B,1,14.16,1,0,1,7301.76,0,0,7929.69,11.23
351,203,8,4,0,4,0,3,7,16,16,0.0156,0.0000,1.0000,0.2078,1,Sweep-S1,9,16.11,1,1,0,4878.42,7,0,5202.15,11.23
352,204,9,7,3,4,2,3,10,16,16,0.0273,0.3333,0.5714,0.2280,0,Sweep,335000,8008.79,0,0,0,12896.48,133,0,21211.43,9.77
353,204,2,1,1,0,0,4,5,16,16,0.0039,0.0000,0.0000,0.0020,1,Trivial,0,0.00,0,0,0,0.00,0,0,310.06,10.25
354,205,3,2,2,0,0,4,6,16,16,0.0078,0.0000,0.0000,0.0039,0,Sweep,782,14132.32,1,0,1,9743.16,77,1,24178.71,14.16
355,205,4,3,3,0,0,4,7,16,16,0.0117,0.0000,0.0000,0.0059,1,Trivial,0,0.00,0,0,0,0.00,0,0,303.71,9.77
356,206,5,4,4,0,0,4,8,16,16,0.0156,0.0000,0.0000,0.0078,0,Sweep,794,12183.59,1,0,1,8489.75,89,1,20977.05,10.25
357,206,6,5,4,1,2,4,9,16,16,0.0195,0.5000,0.2000,0.1998,0,Sweep,269000,8007.81,0,0,0,8562.99,90,0,16878.91,10.74
358,206,7,6,1,5,1,4,10,16,16,0.0234,0.2000,0.8333,0.2384,0,Sweep,74580,5132.32,6,6,0,49579.10,194,0,55021.97,11.23
359,206,8,6,5,1,2,4,10,16,16,0.0234,0.4000,0.1667,0.1651,1,Sweep-S1,33397,2410.16,4,4,0,29241.70,44,0,31954.10,11.72
360,207,9,7,5,2,3,4,11,16,16,0.0273,0.5000,0.2857,0.2208,1,Sweep-S1,515,55.18,1,0,1,8237.79,2,0,8599.61,11.72
361,208,2,1,1,0,0,0,1,16,16,0.0039,0.0000,0.0000,0.0020,1,Trivial,0,0.00,0,0,0,0.00,0,0,311.52,10.25
362,209,3,2,2,0,0,0,2,16,16,0.0078,0.0000,0.0000,0.0039,1,Trivial,0,0.00,0,0,0,0.00,0,0,303.22,10.74
363,210,4,3,2,1,1,0,3,16,16,0.0117,0.5000,0.3333,0.2225,0,Sweep,160,13.67,1,1,0,13730.47,86,0,14048.34,10.74
364,210,5,4,3,1,1,0,4,16,16,0.0156,0.3333,0.2500,0.1578,0,Sweep,766,7968.75,1,0,1,5920.41,61,1,14194.34,10.25
365,210,6,4,3,1,1,0,4,16,16,0.0156,0.3333,0.2500,0.1578,1,Trivial,0,0.00,0,0,0,0.00,0,0,307.62,10.25
366,211,7,4,3,1,2,0,4,16,16,0.0156,0.6667,0.2500,0.2578,0,Sweep,197,24.41,3,3,0,25368.16,116,0,25697.27,10.74
367,211,8,7,3,4,3,0,7,16,16,0.0273,0.5000,0.5714,0.2780,0,Sweep,786,17571.78,1,0,1,11021.97,81,1,28902.83,10.25
368,211,9,7,3,4,4,0,7,16,16,0.0273,0.6667,0.5714,0.3280,1,1B,1,12.70,1,0,1,6848.15,0,0,7475.59,10.25
369,212,2,1,1,0,0,1,2,16,16,0.0039,0.0000,0.0000,0.0020,1,Trivial,0,0.00,0,0,0,0.00,0,0,308.11,10.25
370,213,3,2,2,0,0,1,3,16,16,0.0078,0.0000,0.0000,0.0039,1,1B,1,12.21,1,0,1,7288.09,0,0,7907.72,10.74
371,214,4,3,2,1,1,1,4,16,16,0.0117,0.5000,0.3333,0.2225,1,Sweep-S1,5,11.72,1,0,1,8533.20,4,0,8853.03,10.74
372,215,5,4,2,2,3,1,5,16,16,0.0156,1.0000,0.5000,0.4078,0,Sweep,209,13.18,1,1,0,13248.05,72,0,13569.34,10.74
373,215,6,5,2,3,3,1,6,16,16,0.0195,0.7500,0.6000,0.3548,0,Sweep,37020,2691.90,5,5,0,36909.18,138,0,39906.74,10.74
374,215,7,5,3,2,3,1,6,16,16,0.0195,0.7500,0.4000,0.3148,1,Sweep-S1,6,15.14,2,0,2,18364.26,4,0,18684.08,10.74
375,216,8,6,4,2,1,1,7,16,16,0.0234,0.2000,0.3333,0.1384,1,1B,1,13.18,1,0,1,6855.96,0,0,7486.33,11.23
376,217,9,6,3,3,3,1,7,16,16,0.0234,0.6000,0.5000,0.2917,1,Sweep-S1,8,12.70,1,0,1,7437.01,7,0,7752.93,10.74
377,218,2,1,1,0,0,2,3,16,16,0.0039,0.0000,0.0000,0.0020,1,Sweep-S1,5,12.21,1,1,0,5625.98,4,0,5944.34,9.77
378,219,3,2,2,0,0,2,4,16,16,0.0078,0.0000,0.0000,0.0039,1,Sweep-S1,4110,293.46,1,0,1,5684.08,5,0,6278.32,9.77
379,220,4,3,3,0,0,2,5,16,16,0.0117,0.0000,0.0000,0.0059,1,Sweep-S1,37,13.18,1,1,0,9765.63,36,0,10091.31,9.28
380,221,5,4,2,2,1,2,6,16,16,0.0156,0.3333,0.5000,0.2078,0,Sweep,66223,4684.08,4,4,0,31392.09,100,0,36379.88,11.72
381,221,6,4,3,1,1,2,6,16,16,0.0156,0.3333,0.2500,0.1578,0,Sweep,245600,8005.86,0,0,0,6530.76,66,0,14844.73,10.74
382,221,7,4,1,3,1,2,6,16,16,0.0156,0.3333,0.7500,0.2578,0,Sweep,107,13.18,1,1,0,14638.67,98,0,14957.52,10.74
383,221,8,4,4,0,0,2,6,16,16,0.0156,0.0000,0.0000,0.0078,1,Sweep-S1,5,13.67,1,0,1,6641.60,4,0,6966.31,11.23
384,222,9,7,7,0,0,2,9,16,16,0.0273,0.0000,0.0000,0.0137,1,Sweep-S1,13,12.70,1,1,0,5108.89,4,0,5424.81,11.23
385,223,2,1,1,0,0,3,4,16,16,0.0039,0.0000,0.0000,0.0020,1,Trivial,0,0.00,0,0,0,0.00,0,0,305.66,10.25
386,224,3,2,2,0,0,3,5,16,16,0.0078,0.0000,0.0000,0.0039,1,Sweep-S1,21,24.90,2,2,0,11327.64,12,0,11657.23,10.74
387,225,4,3,0,3,0,3,6,16,16,0.0117,0.0000,1.0000,0.2059,1,Sweep-S1,32910,2392.58,5,5,0,25779.79,3,0,28477.05,10.74
388,226,5,4,3,1,1,3,7,16,16,0.0156,0.3333,0.2500,0.1578,0,Sweep,8873,619.14,4,4,0,33036.13,96,0,33956.54,11.72
389,226,6,4,2,2,1,3,7,16,16,0.0156,0.3333,0.5000,0.2078,0,Sweep,786,17859.38,1,0,1,10812.99,81,1,28983.40,9.28
390,226,7,6,2,4,1,3,9,16,16,0.0234,0.2000,0.6667,0.2051,1,Sweep-S2,723,18881.35,1,0,1,4905.76,18,1,24098.63,10.74
391,227,8,5,1,4,1,3,8,16,16,0.0195,0.2500,0.8000,0.2448,1,Sweep-S1,8269,645.51,5,5,0,28827.15,11,0,29772.95,10.25
392,228,9,8,5,3,4,3,11,16,16,0.0313,0.5714,0.3750,0.2621,1,1B,9,123.05,1,0,1,6362.31,0,0,7094.73,9.77
393,229,2,1,1,0,0,4,5,16,16,0.0039,0.0000,0.0000,0.0020,1,Trivial,0,0.00,0,0,0,0.00,0,0,307.62,13.18
394,230,3,2,2,0,0,4,6,16,16,0.0078,0.0000,0.0000,0.0039,0,Sweep,778,8372.56,1,0,1,6935.55,73,1,15608.89,10.74
395,230,4,3,2,1,2,4,7,16,16,0.0117,1.0000,0.3333,0.3725,1,Sweep-S1,5,13.67,1,0,1,6785.65,4,0,7102.05,9.77
396,231,5,3,3,0,0,4,7,16,16,0.0117,0.0000,0.0000,0.0059,0,Sweep,806,16279.79,1,0,1,12887.70,101,1,29477.54,9.77
397,231,6,4,4,0,0,4,8,16,16,0.0156,0.0000,0.0000,0.0078,1,Trivial,0,0.00,0,0,0,0.00,0,0,310.06,11.23
398,232,7,4,3,1,1,4,8,16,16,0.0156,0.3333,0.2500,0.1578,1,Sweep-S1,188800,8004.40,0,0,0,3169.43,32,0,11485.84,11.23
399,233,8,5,3,2,2,4,9,16,16,0.0195,0.5000,0.4000,0.2398,0,Sweep,802,15586.91,1,0,1,21287.11,97,1,37184.57,11.23
400,233,9,7,4,3,3,4,11,16,16,0.0273,0.5000,0.4286,0.2494,1,Sweep-S1,14,36.13,1,0,1,10614.26,5,0,10960.45,11.23
401,234,2,1,1,0,0,0,1,16,16,0.0039,0.0000,0.0000,0.0020,1,Sweep-S1,5,13.18,1,1,0,5133.79,4,0,5452.64,9.28
402,235,3,2,2,0,0,0,2,16,16,0.0078,0.0000,0.0000,0.0039,0,Sweep,750,4786.62,1,0,1,4392.58,45,1,9484.38,10.74
403,235,4,3,2,1,1,0,3,16,16,0.0117,0.5000,0.3333,0.2225,1,1B,1,12.21,1,0,1,7084.47,0,0,7710.45,9.28
404,236,5,4,3,1,2,0,4,16,16,0.0156,0.6667,0.2500,0.2578,0,Sweep,220,12.70,1,1,0,13645.02,82,0,13962.40,9.28
405,236,6,5,4,1,2,0,5,16,16,0.0195,0.5000,0.2000,0.1998,1,Trivial,0,0.00,0,0,0,0.00,0,0,310.55,11.23
406,237,7,6,4,2,3,0,6,16,16,0.0234,0.6000,0.3333,0.2584,0,Sweep,37150,2662.60,4,4,0,30835.94,148,0,33809.08,11.23
407,237,8,7,3,4,2,0,7,16,16,0.0273,0.3333,0.5714,0.2280,0,Sweep,239200,8003.91,0,0,0,7877.93,81,0,16183.59,10.25
408,237,9,4,1,3,1,0,4,16,16,0.0156,0.3333,0.7500,0.2578,1,1B,1,12.70,1,0,1,6873.05,0,0,7498.05,12.70
409,238,2,1,1,0,0,1,2,16,16,0.0039,0.0000,0.0000,0.0020,1,Trivial,0,0.00,0,0,0,0.00,0,0,303.22,10.25
410,239,3,2,2,0,0,1,3,16,16,0.0078,0.0000,0.0000,0.0039,1,Sweep-S1,5,12.70,1,0,1,7559.57,4,0,7879.40,10.74
411,240,4,3,2,1,1,1,4,16,16,0.0117,0.5000,0.3333,0.2225,0,Sweep,762,10757.81,1,0,1,5405.27,57,1,16467.77,10.74
412,240,5,4,2,2,2,1,5,16,16,0.0156,0.6667,0.5000,0.3078,0,Sweep,5276,424.32,3,3,0,23153.32,81,0,23886.72,9.28
413,240,6,4,4,0,0,1,5,16,16,0.0156,0.0000,0.0000,0.0078,0,Sweep,774,10396.48,1,0,1,6687.01,69,1,17390.63,11.23
414,240,7,4,3,1,2,1,5,16,16,0.0156,0.6667,0.2500,0.2578,1,1B,1,14.16,1,0,1,7338.87,0,0,7962.89,10.74
415,241,8,5,4,1,2,1,6,16,16,0.0195,0.5000,0.2000,0.1998,1,Sweep-S1,42,24.90,4,4,0,25831.05,33,0,26159.67,11.23
416,242,9,8,5,3,3,1,9,16,16,0.0313,0.4286,0.3750,0.2192,0,Sweep,281400,8013.18,0,0,0,8984.86,90,0,17301.76,10.74
417,242,2,1,1,0,0,2,3,16,16,0.0039,0.0000,0.0000,0.0020,1,Trivial,0,0.00,0,0,0,0.00,0,0,306.15,10.74
418,243,3,2,2,0,0,2,4,16,16,0.0078,0.0000,0.0000,0.0039,1,1B,1,13.18,1,0,1,6299.32,0,0,6918.46,10.74
419,244,4,3,3,0,0,2,5,16,16,0.0117,0.0000,0.0000,0.0059,1,Sweep-S1,78,24.41,3,3,0,18515.14,12,0,18850.10,12.21
420,245,5,3,1,2,1,2,5,16,16,0.0117,0.5000,0.6667,0.2892,0,Sweep,770,7392.09,1,0,1,6151.37,65,1,13847.17,9.77
421,245,6,5,3,2,3,2,7,16,16,0.0195,0.7500,0.4000,0.3148,0,Sweep,1222,79.59,6,6,0,43878.91,188,0,44263.18,9.77
422,245,7,5,3,2,4,2,7,16,16,0.0195,1.0000,0.4000,0.3898,0,Sweep,260600,8012.70,0,0,0,7461.43,74,0,15780.76,9.77
423,245,8,6,4,2,3,2,8,16,16,0.0234,0.6000,0.3333,0.2584,0,Sweep,282200,8006.35,0,0,0,9188.97,93,0,17499.51,11.23
424,245,9,8,6,2,3,2,10,16,16,0.0313,0.4286,0.2500,0.1942,0,Sweep,365600,8008.30,0,0,0,16541.02,170,0,24855.96,11.72
425,245,2,1,1,0,0,3,4,16,16,0.0039,0.0000,0.0000,0.0020,1,Sweep-S1,5,13.18,1,1,0,5368.16,4,0,5685.06,9.77
426,246,3,2,2,0,0,3,5,16,16,0.0078,0.0000,0.0000,0.0039,1,Sweep-S1,8,12.70,1,0,1,8285.16,7,0,8601.56,11.23
427,247,4,3,1,2,1,3,6,16,16,0.0117,0.5000,0.6667,0.2892,0,Sweep,257200,8004.40,0,0,0,8300.29,86,0,16613.28,11.23
428,247,5,4,4,0,0,3,7,16,16,0.0156,0.0000,0.0000,0.0078,1,Sweep-S1,93,26.37,6,6,0,34929.20,20,0,35267.58,10.74
429,248,6,5,4,1,2,3,8,16,16,0.0195,0.5000,0.2000,0.1998,0,Sweep,4316,294.43,5,5,0,36668.46,138,0,37289.06,10.74
430,248,7,3,3,0,0,3,6,16,16,0.0117,0.0000,0.0000,0.0059,0,Sweep,778,15344.73,1,0,1,9700.68,73,1,25353.03,11.23
431,248,8,7,2,5,1,3,10,16,16,0.0273,0.1667,0.7143,0.2065,0,Sweep,293400,8004.88,0,0,0,10656.74,113,0,18963.87,11.23
432,248,9,6,4,2,2,3,9,16,16,0.0234,0.4000,0.3333,0.1984,0,Sweep,292000,8008.30,0,0,0,9675.78,95,0,17986.82,9.77
433,248,2,1,1,0,0,4,5,16,16,0.0039,0.0000,0.0000,0.0020,1,Trivial,0,0.00,0,0,0,0.00,0,0,309.57,10.74
434,249,3,2,2,0,0,4,6,16,16,0.0078,0.0000,0.0000,0.0039,0,Sweep,778,12845.70,1,0,1,6910.65,73,1,20061.52,12.21
435,249,4,3,2,1,1,4,7,16,16,0.0117,0.5000,0.3333,0.2225,0,Sweep,114,23.93,7,7,0,43420.90,104,0,43755.86,10.74
436,249,5,4,3,1,1,4,8,16,16,0.0156,0.3333,0.2500,0.1578,1,Sweep-S1,143000,8004.88,0,0,0,243.16,2,0,8557.62,11.72
437,250,6,4,2,2,2,4,8,16,16,0.0156,0.6667,0.5000,0.3078,0,Sweep,826,13486.33,1,0,1,14113.28,121,1,27910.16,11.72
438,250,7,5,3,2,1,4,9,16,16,0.0195,0.2500,0.4000,0.1648,0,Sweep,802,22374.02,1,0,1,13225.59,97,1,35900.39,10.74
439,250,8,5,4,1,1,4,9,16,16,0.0195,0.2500,0.2000,0.1248,0,Sweep,802,15932.62,1,0,1,21863.28,97,1,38103.52,11.72
440,250,9,8,4,4,3,4,12,16,16,0.0313,0.4286,0.5000,0.2442,1,Sweep-S1,518,53.71,1,0,1,8091.80,5,0,8453.13,12.70
441,251,2,1,1,0,0,0,1,16,16,0.0039,0.0000,0.0000,0.0020,1,Trivial,0,0.00,0,0,0,0.00,0,0,304.69,10.74
442,252,3,2,2,0,0,0,2,16,16,0.0078,0.0000,0.0000,0.0039,1,Sweep-S1,21,24.41,2,2,0,10616.21,12,0,10949.22,9.77
443,253,4,3,2,1,1,0,3,16,16,0.0117,0.5000,0.3333,0.2225,1,1B,1,12.70,1,0,1,7821.29,0,0,8449.22,10.74
444,254,5,4,3,1,1,0,4,16,16,0.0156,0.3333,0.2500,0.1578,0,Sweep,1106,67.38,2,2,0,17733.40,72,0,18110.35,10.74
445,254,6,4,4,0,0,0,4,16,16,0.0156,0.0000,0.0000,0.0078,1,1B,1,12.70,1,0,1,7300.78,0,0,7928.71,10.74
446,255,7,6,4,2,3,0,6,16,16,0.0234,0.6000,0.3333,0.2584,0,Sweep,4182,293.95,5,5,0,33881.84,83,0,34479.49,9.77
447,255,8,4,3,1,2,0,4,16,16,0.0156,0.6667,0.2500,0.2578,1,Sweep-S1,4866,2924.81,0,0,0,102.54,1,0,3338.87,10.74
448,256,9,7,6,1,2,0,7,16,16,0.0273,0.3333,0.1429,0.1422,1,1B,1,12.70,1,0,1,4848.63,0,0,5465.82,11.72
449,257,2,1,1,0,0,1,2,16,16,0.0039,0.0000,0.0000,0.0020,1,Sweep-S1,5,11.72,1,1,0,5614.26,4,0,5930.66,10.74
450,258,3,2,2,0,0,1,3,16,16,0.0078,0.0000,0.0000,0.0039,1,Sweep-S1,19,11.72,1,1,0,6005.86,18,0,6324.22,10.74
451,259,4,3,2,1,2,1,4,16,16,0.0117,1.0000,0.3333,0.3725,0,Sweep,734,6381.84,1,0,1,5959.96,61,1,12643.55,9.77
452,259,5,4,2,2,2,1,5,16,16,0.0156,0.6667,0.5000,0.3078,0,Sweep,204,26.37,4,4,0,31565.43,122,0,31897.46,10.74
453,259,6,5,4,1,2,1,6,16,16,0.0195,0.5000,0.2000,0.1998,0,Sweep,4788,308.59,3,3,0,22264.65,106,0,22874.02,9.77
454,259,7,6,2,4,4,1,7,16,16,0.0234,0.8000,0.6667,0.3851,1,Sweep-S1,56,24.41,3,3,0,17559.57,46,0,17890.63,11.72
455,260,8,7,4,3,2,1,8,16,16,0.0273,0.3333,0.4286,0.1994,0,Sweep,798,22330.08,1,0,1,13812.50,93,1,36451.17,11.72
456,260,9,7,3,4,3,1,8,16,16,0.0273,0.5000,0.5714,0.2780,1,Sweep-S2,731,20706.05,1,0,1,6347.66,26,1,27355.47,12.70
457,261,2,1,1,0,0,2,3,16,16,0.0039,0.0000,0.0000,0.0020,1,Sweep-S1,5,15.63,1,1,0,6391.60,4,0,6720.70,12.70
458,262,3,2,2,0,0,2,4,16,16,0.0078,0.0000,0.0000,0.0039,1,Sweep-S1,19,14.65,1,1,0,6467.77,18,0,6791.99,12.70
459,263,4,3,1,2,1,2,5,16,16,0.0117,0.5000,0.6667,0.2892,0,Sweep,307,36.13,3,3,0,22846.68,105,0,23190.43,11.72
460,263,5,3,1,2,2,2,5,16,16,0.0117,1.0000,0.6667,0.4392,0,Sweep,66,16.60,1,0,1,12371.09,65,0,12691.41,11.72
461,263,6,5,3,2,2,2,7,16,16,0.0195,0.5000,0.4000,0.2398,0,Sweep,41114,3334.96,6,6,0,41820.31,145,0,45467.77,11.72
462,263,7,5,3,2,2,2,7,16,16,0.0195,0.5000,0.4000,0.2398,1,Sweep-S1,66085,5497.07,5,5,0,27031.25,28,0,32833.98,10.74
463,264,8,6,3,3,4,2,8,16,16,0.0234,0.8000,0.5000,0.3517,0,Sweep,9402,721.68,4,4,0,29039.06,120,0,30062.50,12.70
464,264,9,7,5,2,4,2,9,16,16,0.0273,0.6667,0.2857,0.2708,1,Sweep-S1,8,15.63,1,0,1,7887.70,7,0,8214.84,11.72
465,265,2,1,1,0,0,3,4,16,16,0.0039,0.0000,0.0000,0.0020,1,Sweep-S1,5,14.65,1,1,0,5871.09,4,0,6189.45,10.74
466,266,3,2,2,0,0,3,5,16,16,0.0078,0.0000,0.0000,0.0039,0,Sweep,770,9162.11,1,0,1,6275.39,65,1,15755.86,12.70
467,266,4,3,1,2,2,3,6,16,16,0.0117,1.0000,0.6667,0.4392,1,Sweep-S1,25,15.63,1,0,1,10231.45,24,0,10561.52,15.63
468,267,5,4,3,1,1,3,7,16,16,0.0156,0.3333,0.2500,0.1578,1,Sweep-S1,25,16.60,3,3,0,14658.20,23,0,14978.52,11.72
469,268,6,4,3,1,2,3,7,16,16,0.0156,0.6667,0.2500,0.2578,1,1A,10,15.63,1,1,0,4544.92,0,0,5171.88,11.72
470,269,7,5,2,3,4,3,8,16,16,0.0195,1.0000,0.6000,0.4298,0,Sweep,65760,5289.06,6,6,0,40860.35,134,0,46461.91,11.72
471,269,8,7,2,5,2,3,10,16,16,0.0273,0.3333,0.7143,0.2565,1,Sweep-S1,174200,8012.70,0,0,0,2662.11,26,0,10985.35,10.74
472,270,9,7,3,4,5,3,10,16,16,0.0273,0.8333,0.5714,0.3780,1,Trivial,0,0.00,0,0,0,0.00,0,0,306.64,10.74
473,271,2,1,1,0,0,4,5,16,16,0.0039,0.0000,0.0000,0.0020,1,Trivial,0,0.00,0,0,0,0.00,0,0,312.50,9.77
474,272,3,2,2,0,0,4,6,16,16,0.0078,0.0000,0.0000,0.0039,1,Sweep-S1,13,11.72,1,1,0,5291.02,4,0,5615.23,10.74
475,273,4,3,1,2,2,4,7,16,16,0.0117,1.0000,0.6667,0.4392,0,Sweep,786,10155.27,1,0,1,7603.52,81,1,18070.31,10.74
476,273,5,4,1,3,1,4,8,16,16,0.0156,0.3333,0.7500,0.2578,0,Sweep,296200,8001.95,0,0,0,10861.33,114,0,19168.95,10.74
477,273,6,5,4,1,2,4,9,16,16,0.0195,0.5000,0.2000,0.1998,0,Sweep,194,13.67,1,1,0,18845.70,120,0,19166.02,11.72
478,273,7,5,4,1,2,4,9,16,16,0.0195,0.5000,0.2000,0.1998,1,1B,1,13.67,1,0,1,8533.20,0,0,9157.23,11.72
479,274,8,6,3,3,3,4,10,16,16,0.0234,0.6000,0.5000,0.2917,1,1B,1,13.67,1,0,1,6037.11,0,0,6666.99,10.74
480,275,9,6,6,0,0,4,10,16,16,0.0234,0.0000,0.0000,0.0117,1,Sweep-S1,5,13.67,1,0,1,7279.30,4,0,7598.63,10.74
481,276,2,1,1,0,0,0,1,16,16,0.0039,0.0000,0.0000,0.0020,1,Sweep-S1,5,11.72,1,1,0,4868.16,4,0,5187.50,9.77
482,277,3,2,2,0,0,0,2,16,16,0.0078,0.0000,0.0000,0.0039,1,Sweep-S1,13,11.72,1,1,0,5542.97,4,0,5859.38,10.74
483,278,4,3,2,1,1,0,3,16,16,0.0117,0.5000,0.3333,0.2225,0,Sweep,61,12.70,1,1,0,9925.78,58,0,10249.02,9.77
484,278,5,4,4,0,0,0,4,16,16,0.0156,0.0000,0.0000,0.0078,1,Sweep-S1,73,12.70,1,1,0,12278.32,72,0,12590.82,9.77
485,279,6,5,0,5,0,0,5,16,16,0.0195,0.0000,1.0000,0.2098,0,Sweep,92,11.72,1,1,0,13690.43,90,0,14003.91,10.74
486,279,7,5,4,1,1,0,5,16,16,0.0195,0.2500,0.2000,0.1248,0,Sweep,772,7397.46,1,0,1,6431.64,67,1,14141.60,10.74
487,279,8,7,3,4,3,0,7,16,16,0.0273,0.5000,0.5714,0.2780,0,Sweep,37736,2621.09,5,5,0,40433.59,158,0,43357.42,10.74
488,279,9,7,5,2,4,0,7,16,16,0.0273,0.6667,0.2857,0.2708,0,Sweep,277200,8005.86,0,0,0,9401.37,98,0,17711.91,10.74
489,279,2,1,1,0,0,1,2,16,16,0.0039,0.0000,0.0000,0.0020,1,Sweep-S1,5,12.70,1,1,0,5624.02,4,0,5945.31,10.74
490,280,3,2,2,0,0,1,3,16,16,0.0078,0.0000,0.0000,0.0039,1,Sweep-S1,6,12.70,1,1,0,5619.14,4,0,5939.45,9.77
491,281,4,3,1,2,1,1,4,16,16,0.0117,0.5000,0.6667,0.2892,1,Sweep-S1,203,26.37,4,4,0,23213.87,58,0,23545.90,12.70
492,282,5,4,2,2,1,1,5,16,16,0.0156,0.3333,0.5000,0.2078,1,1B,1,12.70,1,0,1,6855.47,0,0,7477.54,10.74
493,283,6,5,3,2,3,1,6,16,16,0.0195,0.7500,0.4000,0.3148,0,Sweep,8874,601.56,3,3,0,23051.76,96,0,23964.84,9.77
494,283,7,4,4,0,0,1,5,16,16,0.0156,0.0000,0.0000,0.0078,1,1B,1,12.70,1,0,1,5257.81,0,0,5883.79,10.74
495,284,8,7,5,2,3,1,8,16,16,0.0273,0.5000,0.2857,0.2208,0,Sweep,269400,8005.86,0,0,0,8159.18,81,0,16466.80,12.70
496,284,9,7,4,3,3,1,8,16,16,0.0273,0.5000,0.4286,0.2494,0,Sweep,274400,8009.77,0,0,0,9180.66,97,0,17497.07,9.77
497,284,2,1,1,0,0,2,3,16,16,0.0039,0.0000,0.0000,0.0020,1,Sweep-S1,5,12.70,1,1,0,5623.05,4,0,5937.50,10.74
498,285,3,2,2,0,0,2,4,16,16,0.0078,0.0000,0.0000,0.0039,1,1B,1,13.67,1,0,1,7576.17,0,0,8200.20,10.74
499,286,4,3,2,1,1,2,5,16,16,0.0117,0.5000,0.3333,0.2225,1,Sweep-S1,5,13.67,1,0,1,8285.16,4,0,8604.49,9.77
500,287,5,4,3,1,2,2,6,16,16,0.0156,0.6667,0.2500,0.2578,1,Sweep-S1,32894,2334.96,4,4,0,24188.48,52,0,26833.01,11.72
501,288,6,5,4,1,1,2,7,16,16,0.0195,0.2500,0.2000,0.1248,0,Sweep,285600,8010.74,0,0,0,10827.15,110,0,19147.46,10.74
502,288,7,5,3,2,1,2,7,16,16,0.0195,0.2500,0.4000,0.1648,0,Sweep,826,16944.34,1,0,1,15046.88,121,1,32300.78,11.72
503,288,8,7,6,1,2,2,9,16,16,0.0273,0.3333,0.1429,0.1422,1,1B,1,12.70,1,0,1,8519.53,0,0,9141.60,10.74
504,289,9,6,4,2,3,2,8,16,16,0.0234,0.6000,0.3333,0.2584,0,Sweep,70438,4802.73,6,6,0,42144.53,157,0,47255.86,10.74
505,289,2,1,1,0,0,3,4,16,16,0.0039,0.0000,0.0000,0.0020,1,Sweep-S1,5,11.72,1,1,0,5867.19,4,0,6184.57,10.74
506,290,3,2,2,0,0,3,5,16,16,0.0078,0.0000,0.0000,0.0039,1,Sweep-S1,5,12.70,1,0,1,6845.70,4,0,7158.20,10.74
507,291,4,3,2,1,2,3,6,16,16,0.0117,1.0000,0.3333,0.3725,0,Sweep,128,12.70,1,1,0,16211.91,118,0,16529.30,9.77
508,291,5,4,4,0,0,3,7,16,16,0.0156,0.0000,0.0000,0.0078,0,Sweep,257000,8007.81,0,0,0,7396.48,74,0,15712.89,11.72
509,291,6,5,4,1,2,3,8,16,16,0.0195,0.5000,0.2000,0.1998,0,Sweep,437600,8002.93,0,0,0,21138.67,218,0,29443.36,11.72
510,291,7,4,3,1,1,3,7,16,16,0.0156,0.3333,0.2500,0.1578,0,Sweep,277000,8005.86,0,0,0,9800.78,101,0,18118.16,11.72
511,291,8,6,2,4,4,3,9,16,16,0.0234,0.8000,0.6667,0.3851,0,Sweep,290000,8011.72,0,0,0,10594.73,108,0,18907.23,10.74
512,291,9,7,5,2,3,3,10,16,16,0.0273,0.5000,0.2857,0.2208,1,Trivial,0,0.00,0,0,0,0.00,0,0,304.69,9.77
513,292,2,1,1,0,0,4,5,16,16,0.0039,0.0000,0.0000,0.0020,1,Trivial,0,0.00,0,0,0,0.00,0,0,309.57,9.77
514,293,3,2,2,0,0,4,6,16,16,0.0078,0.0000,0.0000,0.0039,1,Sweep-S1,13,12.70,1,1,0,6034.18,4,0,6346.68,9.77
515,294,4,3,3,0,0,4,7,16,16,0.0117,0.0000,0.0000,0.0059,1,Sweep-S1,5,13.67,1,0,1,7264.65,4,0,7582.03,10.74
516,295,5,4,3,1,2,4,8,16,16,0.0156,0.6667,0.2500,0.2578,0,Sweep,338800,8001.95,0,0,0,14326.17,146,0,22640.63,11.72
517,295,6,4,3,1,1,4,8,16,16,0.0156,0.3333,0.2500,0.1578,1,Sweep-S1,79,13.67,1,1,0,5993.16,5,0,6317.38,11.72
518,296,7,5,3,2,3,4,9,16,16,0.0195,0.7500,0.4000,0.3148,0,Sweep,295600,8004.88,0,0,0,11047.85,115,0,19352.54,10.74
519,296,8,7,4,3,4,4,11,16,16,0.0273,0.6667,0.4286,0.2994,1,Sweep-S1,26,37.11,1,0,1,8823.24,17,0,9163.09,10.74
520,297,9,7,7,0,0,4,11,16,16,0.0273,0.0000,0.0000,0.0137,1,Sweep-S1,69,39.06,1,0,1,7508.79,4,0,7849.61,11.72
521,298,2,1,1,0,0,0,1,16,16,0.0039,0.0000,0.0000,0.0020,1,Sweep-S1,5,16.60,1,1,0,5625.98,4,0,5950.20,10.74
522,299,3,2,2,0,0,0,2,16,16,0.0078,0.0000,0.0000,0.0039,1,1B,1,12.70,1,0,1,7304.69,0,0,7935.55,10.74
523,300,4,3,3,0,0,0,3,16,16,0.0117,0.0000,0.0000,0.0059,1,Sweep-S1,37,11.72,1,1,0,9723.63,36,0,10039.06,11.72
524,301,5,4,2,2,2,0,4,16,16,0.0156,0.6667,0.5000,0.3078,0,Sweep,790,54.69,2,2,0,22980.47,140,0,23339.84,9.77
525,301,6,5,4,1,1,0,5,16,16,0.0195,0.2500,0.2000,0.1248,0,Sweep,1185,70.31,3,3,0,24508.79,88,0,24881.84,10.74
526,301,7,5,3,2,2,0,5,16,16,0.0195,0.5000,0.4000,0.2398,1,1B,1,12.70,1,0,1,6349.61,0,0,6971.68,10.74
527,302,8,7,6,1,2,0,7,16,16,0.0273,0.3333,0.1429,0.1422,0,Sweep,263200,8005.86,0,0,0,8634.77,90,0,16942.38,10.74
528,302,9,8,3,5,4,0,8,16,16,0.0313,0.5714,0.6250,0.3121,0,Sweep,33450,2340.82,5,5,0,42668.95,161,0,45317.38,11.72
529,302,2,1,1,0,0,1,2,16,16,0.0039,0.0000,0.0000,0.0020,1,Trivial,0,0.00,0,0,0,0.00,0,0,304.69,9.77
530,303,3,2,2,0,0,1,3,16,16,0.0078,0.0000,0.0000,0.0039,1,1B,1,12.70,1,0,1,7298.83,0,0,7927.73,10.74
531,304,4,3,2,1,2,1,4,16,16,0.0117,1.0000,0.3333,0.3725,1,1B,4105,297.85,1,0,1,5803.71,0,0,6720.70,10.74
532,305,5,4,2,2,3,1,5,16,16,0.0156,1.0000,0.5000,0.4078,0,Sweep,1279,85.94,3,3,0,28733.40,117,0,29128.91,10.74
533,305,6,3,2,1,1,1,4,16,16,0.0117,0.5000,0.3333,0.2225,1,Sweep-S1,5,13.67,1,0,1,8773.44,4,0,9090.82,10.74
534,306,7,5,4,1,2,1,6,16,16,0.0195,0.5000,0.2000,0.1998,1,1B,1,13.67,1,0,1,8716.80,0,0,9332.03,10.74
535,307,8,7,5,2,2,1,8,16,16,0.0273,0.3333,0.2857,0.1708,1,Sweep-S1,148800,8008.79,0,0,0,922.85,8,0,9237.31,11.72
536,308,9,6,3,3,4,1,7,16,16,0.0234,0.8000,0.5000,0.3517,1,Sweep-S1,5,13.67,1,0,1,6520.51,4,0,6836.91,9.77
537,309,2,1,1,0,0,2,3,16,16,0.0039,0.0000,0.0000,0.0020,1,Sweep-S1,5,12.70,1,1,0,6126.95,4,0,6449.22,8.79
538,310,3,2,2,0,0,2,4,16,16,0.0078,0.0000,0.0000,0.0039,1,Sweep-S1,19,12.70,1,1,0,6246.09,18,0,6563.48,10.74
539,311,4,3,2,1,1,2,5,16,16,0.0117,0.5000,0.3333,0.2225,1,Sweep-S1,23,29.30,5,5,0,23263.67,12,0,23595.70,10.74
540,312,5,4,3,1,1,2,6,16,16,0.0156,0.3333,0.2500,0.1578,1,Sweep-S1,529,41.99,3,3,0,17372.07,6,0,17720.70,9.77
541,313,6,4,2,2,1,2,6,16,16,0.0156,0.3333,0.5000,0.2078,1,1B,1,11.72,1,0,1,6083.01,0,0,6705.08,10.74
542,314,7,6,3,3,5,2,8,16,16,0.0234,1.0000,0.5000,0.4117,0,Sweep,259800,8007.81,0,0,0,8586.91,89,0,16903.32,8.79
543,314,8,3,3,0,0,2,5,16,16,0.0117,0.0000,0.0000,0.0059,1,Sweep-S1,78,25.39,4,4,0,21864.26,12,0,22199.22,10.74
544,315,9,6,2,4,1,2,8,16,16,0.0234,0.2000,0.6667,0.2051,0,Sweep,4307,302.73,3,3,0,26184.57,137,0,26798.83,11.72
545,315,2,1,1,0,0,3,4,16,16,0.0039,0.0000,0.0000,0.0020,1,Sweep-S1,5,12.70,2,2,0,9831.06,4,0,10144.53,10.74
546,316,3,2,2,0,0,3,5,16,16,0.0078,0.0000,0.0000,0.0039,1,1B,1,13.67,1,0,1,7199.22,0,0,7828.13,10.74
547,317,4,3,3,0,0,3,6,16,16,0.0117,0.0000,0.0000,0.0059,1,1B,1,12.70,1,0,1,7294.92,0,0,7921.88,9.77
548,318,5,4,1,3,2,3,7,16,16,0.0156,0.6667,0.7500,0.3578,0,Sweep,4307,282.23,4,4,0,29683.59,121,0,30268.55,10.74
549,318,6,4,2,2,1,3,7,16,16,0.0156,0.3333,0.5000,0.2078,0,Sweep,4721,328.13,6,6,0,39328.13,104,0,39956.05,10.74
550,318,7,5,3,2,3,3,8,16,16,0.0195,0.7500,0.4000,0.3148,0,Sweep,798,20777.34,1,0,1,12618.16,93,1,33702.15,10.74
551,318,8,7,1,6,1,3,10,16,16,0.0273,0.1667,0.8571,0.2351,0,Sweep,291000,8010.74,0,0,0,9601.56,97,0,17916.99,11.72
552,318,9,5,2,3,2,3,8,16,16,0.0195,0.5000,0.6000,0.2798,0,Sweep,800,20848.63,1,0,1,12933.59,95,1,34084.96,11.72
553,318,2,1,1,0,0,4,5,16,16,0.0039,0.0000,0.0000,0.0020,1,Trivial,0,0.00,0,0,0,0.00,0,0,306.64,11.72
554,319,3,2,2,0,0,4,6,16,16,0.0078,0.0000,0.0000,0.0039,1,Sweep-S1,21,24.41,4,4,0,17672.85,12,0,17998.05,10.74
555,320,4,3,2,1,1,4,7,16,16,0.0117,0.5000,0.3333,0.2225,0,Sweep,786,10828.13,1,0,1,7674.81,81,1,18814.45,11.72
556,320,5,4,3,1,1,4,8,16,16,0.0156,0.3333,0.2500,0.1578,0,Sweep,309400,8007.81,0,0,0,11791.99,123,0,20106.45,11.72
557,320,6,5,4,1,1,4,9,16,16,0.0195,0.2500,0.2000,0.1248,0,Sweep,199,26.37,8,8,0,55497.07,132,0,55834.96,11.72
558,320,7,4,2,2,1,4,8,16,16,0.0156,0.3333,0.5000,0.2078,0,Sweep,794,19965.82,1,0,1,12057.62,89,1,32331.05,11.72
559,320,8,6,4,2,4,4,10,16,16,0.0234,0.8000,0.3333,0.3184,1,Sweep-S1,199600,8006.84,0,0,0,5081.06,48,0,13387.70,10.74
560,321,9,4,1,3,1,4,8,16,16,0.0156,0.3333,0.7500,0.2578,1,Sweep-S1,6,12.70,1,0,1,9122.07,5,0,9445.31,10.74
561,322,2,1,1,0,0,0,1,16,16,0.0039,0.0000,0.0000,0.0020,1,Sweep-S1,5,10.74,1,1,0,5627.93,4,0,5948.24,10.74
562,323,3,2,2,0,0,0,2,16,16,0.0078,0.0000,0.0000,0.0039,1,1B,1,12.70,1,0,1,7532.23,0,0,8147.46,8.79
563,324,4,3,2,1,2,0,3,16,16,0.0117,1.0000,0.3333,0.3725,0,Sweep,793,8514.65,1,0,1,8520.51,88,1,17346.68,9.77
564,324,5,4,1,3,1,0,4,16,16,0.0156,0.3333,0.7500,0.2578,1,Sweep-S1,6,11.72,1,0,1,8382.81,5,0,8704.10,10.74
565,325,6,5,3,2,3,0,5,16,16,0.0195,0.7500,0.4000,0.3148,0,Sweep,4722,329.10,3,3,0,21956.05,96,0,22596.68,9.77
566,325,7,6,1,5,1,0,6,16,16,0.0234,0.2000,0.8333,0.2384,0,Sweep,243600,8008.79,0,0,0,7021.48,73,0,15339.84,10.74
567,325,8,7,5,2,3,0,7,16,16,0.0273,0.5000,0.2857,0.2208,0,Sweep,70355,5191.41,4,4,0,32206.05,137,0,37703.13,12.70
568,325,9,6,2,4,4,0,6,16,16,0.0234,0.8000,0.6667,0.3851,0,Sweep,38140,2714.84,4,4,0,36085.94,186,0,39113.28,10.74
569,325,2,1,1,0,0,1,2,16,16,0.0039,0.0000,0.0000,0.0020,1,Trivial,0,0.00,0,0,0,0.00,0,0,310.55,10.74
570,326,3,2,2,0,0,1,3,16,16,0.0078,0.0000,0.0000,0.0039,1,1B,521,58.59,1,0,1,5372.07,0,0,6041.02,8.79
571,327,4,3,1,2,2,1,4,16,16,0.0117,1.0000,0.6667,0.4392,1,1B,1,13.67,1,0,1,8937.50,0,0,9569.34,10.74
572,328,5,4,3,1,2,1,5,16,16,0.0156,0.6667,0.2500,0.2578,1,Sweep-S1,599,39.06,2,2,0,10860.35,13,0,11199.22,12.70
573,329,6,5,4,1,2,1,6,16,16,0.0195,0.5000,0.2000,0.1998,0,Sweep,788,10648.44,1,0,1,7902.34,83,1,18856.45,12.70
574,329,7,4,3,1,2,1,5,16,16,0.0156,0.6667,0.2500,0.2578,1,1B,1,11.72,1,0,1,4637.70,0,0,5254.88,9.77
575,330,8,7,3,4,1,1,8,16,16,0.0273,0.1667,0.5714,0.1780,0,Sweep,32890,2294.92,5,5,0,30354.49,112,0,32953.13,10.74
576,330,9,8,6,2,3,1,9,16,16,0.0313,0.4286,0.2500,0.1942,1,1B,1,13.67,1,0,1,5600.59,0,0,6225.59,10.74
577,331,2,1,1,0,0,2,3,16,16,0.0039,0.0000,0.0000,0.0020,1,Trivial,0,0.00,0,0,0,0.00,0,0,310.55,9.77
578,332,3,2,2,0,0,2,4,16,16,0.0078,0.0000,0.0000,0.0039,1,Sweep-S1,13,12.70,1,1,0,6286.13,4,0,6604.49,10.74
579,333,4,3,2,1,1,2,5,16,16,0.0117,0.5000,0.3333,0.2225,0,Sweep,636,78.13,3,3,0,27513.67,114,0,27906.25,10.74
580,333,5,4,2,2,1,2,6,16,16,0.0156,0.3333,0.5000,0.2078,0,Sweep,1207,81.05,3,3,0,26529.30,100,0,26915.04,10.74
581,333,6,5,3,2,3,2,7,16,16,0.0195,0.7500,0.4000,0.3148,0,Sweep,398800,8002.93,0,0,0,18250.98,190,0,26557.62,10.74
582,333,7,6,5,1,1,2,8,16,16,0.0234,0.2000,0.1667,0.1051,1,Sweep-S1,25,14.65,1,0,1,10294.92,24,0,10618.16,10.74
583,334,8,7,3,4,2,2,9,16,16,0.0273,0.3333,0.5714,0.2280,0,Sweep,268400,8003.91,0,0,0,8674.81,90,0,16982.42,10.74
584,334,9,4,4,0,0,2,6,16,16,0.0156,0.0000,0.0000,0.0078,1,1B,1,13.67,1,0,1,7303.71,0,0,7923.83,11.72
585,335,2,1,1,0,0,3,4,16,16,0.0039,0.0000,0.0000,0.0020,1,Sweep-S1,5,13.67,1,1,0,5120.12,4,0,5436.52,10.74
586,336,3,2,2,0,0,3,5,16,16,0.0078,0.0000,0.0000,0.0039,1,Sweep-S1,13,12.70,1,1,0,5791.99,4,0,6116.21,9.77
587,337,4,3,3,0,0,3,6,16,16,0.0117,0.0000,0.0000,0.0059,1,Sweep-S1,37,12.70,1,1,0,9749.02,36,0,10069.34,415.04
588,338,5,4,3,1,1,3,7,16,16,0.0156,0.3333,0.2500,0.1578,0,Sweep,178,13.67,3,3,0,26807.62,113,0,27121.09,10.74
589,338,6,5,1,4,2,3,8,16,16,0.0195,0.5000,0.8000,0.3198,0,Sweep,38187,2669.92,4,4,0,33651.37,169,0,36621.09,11.72
590,338,7,6,4,2,3,3,9,16,16,0.0234,0.6000,0.3333,0.2584,0,Sweep,305600,8005.86,0,0,0,11615.23,123,0,19925.78,11.72
591,338,8,7,3,4,3,3,10,16,16,0.0273,0.5000,0.5714,0.2780,1,Sweep-S1,181,25.39,9,9,0,39784.18,34,0,40118.16,10.74
592,339,9,7,5,2,2,3,10,16,16,0.0273,0.3333,0.2857,0.1708,0,Sweep,304800,8009.77,0,0,0,11538.09,122,0,19854.49,11.72
593,339,2,1,1,0,0,4,5,16,16,0.0039,0.0000,0.0000,0.0020,1,Sweep-S1,5,12.70,1,1,0,6120.12,4,0,6433.59,10.74
594,340,3,2,2,0,0,4,6,16,16,0.0078,0.0000,0.0000,0.0039,1,Sweep-S1,21,26.37,5,5,0,25446.29,12,0,25773.44,14.65
595,341,4,3,1,2,1,4,7,16,16,0.0117,0.5000,0.6667,0.2892,0,Sweep,786,13916.02,1,0,1,7712.89,81,1,21933.59,10.74
596,341,5,4,2,2,1,4,8,16,16,0.0156,0.3333,0.5000,0.2078,0,Sweep,819,19893.55,1,0,1,14614.26,114,1,34820.31,11.72
597,341,6,5,3,2,4,4,9,16,16,0.0195,1.0000,0.4000,0.3898,0,Sweep,270400,8004.88,0,0,0,9560.55,98,0,17868.16,11.72
598,341,7,6,3,3,3,4,10,16,16,0.0234,0.6000,0.5000,0.2917,0,Sweep,276800,8013.67,0,0,0,9948.24,103,0,18268.55,11.72
599,341,8,4,4,0,0,4,8,16,16,0.0156,0.0000,0.0000,0.0078,0,Sweep,323000,8005.86,0,0,0,16509.77,158,0,24815.43,11.72
600,341,9,8,4,4,4,4,12,16,16,0.0313,0.5714,0.5000,0.2871,1,1B,65,67.38,1,0,1,6387.70,0,0,7071.29,12.70
601,342,2,1,1,0,0,0,1,16,16,0.0039,0.0000,0.0000,0.0020,1,Trivial,0,0.00,0,0,0,0.00,0,0,307.62,9.77
602,343,3,2,2,0,0,0,2,16,16,0.0078,0.0000,0.0000,0.0039,0,Sweep,750,3747.07,1,0,1,4397.46,45,1,8450.20,11.72
603,343,4,3,1,2,1,0,3,16,16,0.0117,0.5000,0.6667,0.2892,0,Sweep,219,30.27,3,3,0,22887.70,66,0,23224.61,11.72
604,343,5,4,3,1,2,0,4,16,16,0.0156,0.6667,0.2500,0.2578,1,Sweep-S1,104,30.27,4,4,0,18439.45,31,0,18775.39,12.70
605,344,6,5,2,3,3,0,5,16,16,0.0195,0.7500,0.6000,0.3548,1,1A,3,15.63,1,1,0,3164.06,0,0,3795.90,12.70
606,345,7,6,4,2,2,0,6,16,16,0.0234,0.4000,0.3333,0.1984,0,Sweep,5451,416.99,4,4,0,34840.82,130,0,35568.36,12.70
607,345,8,6,3,3,4,0,6,16,16,0.0234,0.8000,0.5000,0.3517,0,Sweep,1133,89.84,4,4,0,25556.64,90,0,25954.10,12.70
608,345,9,7,6,1,2,0,7,16,16,0.0273,0.3333,0.1429,0.1422,0,Sweep,69769,5389.65,6,6,0,40266.60,128,0,45967.77,11.72
609,345,2,1,1,0,0,1,2,16,16,0.0039,0.0000,0.0000,0.0020,1,Trivial,0,0.00,0,0,0,0.00,0,0,304.69,12.70
610,346,3,2,2,0,0,1,3,16,16,0.0078,0.0000,0.0000,0.0039,1,Sweep-S1,19,13.67,1,1,0,6070.31,18,0,6394.53,12.70
611,347,4,3,2,1,2,1,4,16,16,0.0117,1.0000,0.3333,0.3725,0,Sweep,667,46.88,2,2,0,17771.48,82,0,18131.84,11.72
612,347,5,4,2,2,3,1,5,16,16,0.0156,1.0000,0.5000,0.4078,0,Sweep,8963,723.63,3,3,0,26781.25,130,0,27818.36,12.70
613,347,6,3,2,1,1,1,4,16,16,0.0117,0.5000,0.3333,0.2225,0,Sweep,762,11823.24,1,0,1,5490.23,57,1,17624.02,11.72
614,347,7,5,3,2,3,1,6,16,16,0.0195,0.7500,0.4000,0.3148,0,None,0,0.00,0,0,0,0.00,0,0,0.00,11.72
615,347,8,4,1,3,1,1,5,16,16,0.0156,0.3333,0.7500,0.2578,1,1B,1,15.63,1,0,1,5592.77,0,0,6219.73,12.70
616,348,9,6,3,3,2,1,7,16,16,0.0234,0.4000,0.5000,0.2317,1,1B,1,17.58,1,0,1,5347.66,0,0,5981.45,16.60
617,349,2,1,1,0,0,2,3,16,16,0.0039,0.0000,0.0000,0.0020,1,Sweep-S1,5,11.72,1,1,0,5862.31,4,0,6179.69,8.79
618,350,3,2,2,0,0,2,4,16,16,0.0078,0.0000,0.0000,0.0039,1,Trivial,0,0.00,0,0,0,0.00,0,0,311.52,9.77
619,351,4,3,2,1,1,2,5,16,16,0.0117,0.5000,0.3333,0.2225,0,Sweep,770,14341.80,1,0,1,6138.67,65,1,20789.06,12.70
620,351,5,4,4,0,0,2,6,16,16,0.0156,0.0000,0.0000,0.0078,0,Sweep,171,14.65,1,1,0,16066.41,98,0,16384.77,11.72
621,351,6,4,4,0,0,2,6,16,16,0.0156,0.0000,0.0000,0.0078,1,Sweep-S3,239400,8001.95,0,0,0,6218.75,61,0,14532.23,11.72
622,352,7,5,4,1,1,2,7,16,16,0.0195,0.2500,0.2000,0.1248,0,Sweep,285600,8010.74,0,0,0,11367.19,115,0,19687.50,10.74
623,352,8,6,1,5,1,2,8,16,16,0.0234,0.2000,0.8333,0.2384,1,Sweep-S3,8936,616.21,6,6,0,37202.15,101,0,38120.12,9.77
624,353,9,6,4,2,3,2,8,16,16,0.0234,0.6000,0.3333,0.2584,1,Sweep-S1,5,13.67,1,0,1,5373.05,4,0,5688.48,11.72
625,354,2,1,1,0,0,3,4,16,16,0.0039,0.0000,0.0000,0.0020,1,Trivial,0,0.00,0,0,0,0.00,0,0,305.66,11.72
626,355,3,2,2,0,0,3,5,16,16,0.0078,0.0000,0.0000,0.0039,1,1B,1,12.70,1,0,1,6795.90,0,0,7420.90,10.74
627,356,4,3,1,2,1,3,6,16,16,0.0117,0.5000,0.6667,0.2892,0,Sweep,170,26.37,5,5,0,36133.79,96,0,36465.82,10.74
628,356,5,4,1,3,2,3,7,16,16,0.0156,0.6667,0.7500,0.3578,1,Trivial,0,0.00,0,0,0,0.00,0,0,305.66,12.70
629,357,6,4,2,2,1,3,7,16,16,0.0156,0.3333,0.5000,0.2078,1,Sweep-S1,25,13.67,1,0,1,8724.61,24,0,9039.06,10.74
630,358,7,5,1,4,2,3,8,16,16,0.0195,0.5000,0.8000,0.3198,0,Sweep,243600,8029.30,0,0,0,8036.13,81,0,16375.98,11.72
631,358,8,7,5,2,2,3,10,16,16,0.0273,0.3333,0.2857,0.1708,0,Sweep,814,23671.88,1,0,1,14309.57,109,1,38284.18,11.72
632,358,9,7,2,5,3,3,10,16,16,0.0273,0.5000,0.7143,0.3065,1,Sweep-S1,5,12.70,1,0,1,7040.04,4,0,7362.31,13.67
633,359,2,1,1,0,0,4,5,16,16,0.0039,0.0000,0.0000,0.0020,1,Sweep-S1,5,11.72,1,1,0,5606.45,4,0,5928.71,9.77
634,360,3,2,2,0,0,4,6,16,16,0.0078,0.0000,0.0000,0.0039,1,Trivial,0,0.00,0,0,0,0.00,0,0,309.57,9.77
635,361,4,3,2,1,1,4,7,16,16,0.0117,0.5000,0.3333,0.2225,1,Sweep-S1,1145,85.94,6,6,0,29074.22,48,0,29466.80,10.74
636,362,5,4,2,2,1,4,8,16,16,0.0156,0.3333,0.5000,0.2078,1,1A,1610,113.28,3,3,0,16000.98,0,0,16729.49,11.72
637,363,6,5,3,2,3,4,9,16,16,0.0195,0.7500,0.4000,0.3148,0,Sweep,276800,8001.95,0,0,0,10021.48,104,0,18328.13,11.72
638,363,7,5,5,0,0,4,9,16,16,0.0195,0.0000,0.0000,0.0098,0,Sweep,802,13002.93,1,0,1,9203.13,97,1,22506.84,10.74
639,363,8,7,3,4,5,4,11,16,16,0.0273,0.8333,0.5714,0.3780,1,Sweep-S1,6,12.70,1,0,1,6604.49,5,0,6926.76,10.74
640,364,9,8,3,5,6,4,12,16,16,0.0313,0.8571,0.6250,0.3978,0,Sweep,886,9511.72,0,0,0,44154.30,173,0,53976.56,10.74
641,364,2,1,1,0,0,0,1,16,16,0.0039,0.0000,0.0000,0.0020,1,Trivial,0,0.00,0,0,0,0.00,0,0,306.64,10.74
642,365,3,2,2,0,0,0,2,16,16,0.0078,0.0000,0.0000,0.0039,1,1B,1,12.70,1,0,1,7051.76,0,0,7712.89,10.74
643,366,4,3,1,2,1,0,3,16,16,0.0117,0.5000,0.6667,0.2892,0,Sweep,118,26.37,3,3,0,21050.78,92,0,21380.86,10.74
644,366,5,3,2,1,1,0,3,16,16,0.0117,0.5000,0.3333,0.2225,1,1B,1,13.67,1,0,1,6093.75,0,0,6713.87,10.74
645,367,6,4,3,1,2,0,4,16,16,0.0156,0.6667,0.2500,0.2578,0,Sweep,766,7400.39,1,0,1,5961.91,61,1,13667.97,10.74
646,367,7,6,6,0,0,0,6,16,16,0.0234,0.0000,0.0000,0.0117,1,Sweep-S1,5,13.67,1,0,1,5395.51,4,0,5712.89,10.74
647,368,8,6,5,1,1,0,6,16,16,0.0234,0.2000,0.1667,0.1051,1,1B,1,12.70,1,0,1,6322.27,0,0,6955.08,11.72
648,369,9,8,6,2,1,0,8,16,16,0.0313,0.1429,0.2500,0.1085,0,1A,336576,8001.95,0,0,0,18430.66,182,0,26734.38,11.72
649,369,2,1,1,0,0,1,2,16,16,0.0039,0.0000,0.0000,0.0020,1,Sweep-S1,5,12.70,1,1,0,5872.07,4,0,6188.48,9.77
650,370,3,2,2,0,0,1,3,16,16,0.0078,0.0000,0.0000,0.0039,1,Sweep-S1,6,12.70,1,1,0,6025.39,4,0,6340.82,10.74
651,371,4,3,1,2,2,1,4,16,16,0.0117,1.0000,0.6667,0.4392,1,Sweep-S1,188,26.37,4,4,0,22260.74,50,0,22594.73,9.77
652,372,5,4,2,2,1,1,5,16,16,0.0156,0.3333,0.5000,0.2078,0,Sweep,5269,361.33,5,5,0,35979.49,140,0,36644.53,14.65
653,372,6,5,3,2,4,1,6,16,16,0.0195,1.0000,0.4000,0.3898,1,Sweep-S1,33317,2388.67,5,5,0,25748.05,28,0,28445.31,9.77
654,373,7,6,3,3,5,1,7,16,16,0.0234,1.0000,0.5000,0.4117,0,1A,328050,8003.91,0,0,0,28198.24,289,0,36511.72,10.74
655,373,8,6,5,1,2,1,7,16,16,0.0234,0.4000,0.1667,0.1651,0,Sweep,172,307.62,3,0,3,35826.17,114,0,36435.55,10.74
656,373,9,7,3,4,3,1,8,16,16,0.0273,0.5000,0.5714,0.2780,1,1B,1,21.48,1,0,1,4357.42,0,0,4989.26,9.77
657,374,2,1,1,0,0,2,3,16,16,0.0039,0.0000,0.0000,0.0020,1,Sweep-S1,5,11.72,2,2,0,9338.87,4,0,9650.39,10.74
658,375,3,2,2,0,0,2,4,16,16,0.0078,0.0000,0.0000,0.0039,1,1B,1,13.67,1,0,1,6901.37,0,0,7519.53,10.74
659,376,4,3,1,2,1,2,5,16,16,0.0117,0.5000,0.6667,0.2892,0,Sweep,610,41.02,3,3,0,21483.40,88,0,21833.98,9.77
660,376,5,3,2,1,2,2,5,16,16,0.0117,1.0000,0.3333,0.3725,1,Sweep-S1,32782,2284.18,1,0,1,6442.38,5,0,9038.09,9.77
661,377,6,4,3,1,1,2,6,16,16,0.0156,0.3333,0.2500,0.1578,1,Sweep-S1,5,13.67,1,0,1,7631.84,4,0,7949.22,10.74
662,378,7,4,4,0,0,2,6,16,16,0.0156,0.0000,0.0000,0.0078,1,1B,1,13.67,1,0,1,5235.35,0,0,5870.12,10.74
663,379,8,5,1,4,2,2,7,16,16,0.0195,0.5000,0.8000,0.3198,0,Sweep,786,14719.73,1,0,1,10026.37,81,1,25046.88,10.74
664,379,9,4,1,3,2,2,6,16,16,0.0156,0.6667,0.7500,0.3578,0,Sweep,253600,8003.91,0,0,0,6710.94,66,0,15027.34,10.74
665,379,2,1,1,0,0,3,4,16,16,0.0039,0.0000,0.0000,0.0020,1,Sweep-S1,5,11.72,1,1,0,5136.72,4,0,5452.15,10.74
666,380,3,2,2,0,0,3,5,16,16,0.0078,0.0000,0.0000,0.0039,1,Sweep-S1,19,12.70,1,1,0,6238.28,18,0,6554.69,10.74
667,381,4,3,1,2,1,3,6,16,16,0.0117,0.5000,0.6667,0.2892,0,Sweep,685,42.97,4,4,0,29371.09,98,0,29717.77,9.77
668,381,5,4,3,1,2,3,7,16,16,0.0156,0.6667,0.2500,0.2578,0,Sweep,269200,8013.67,0,0,0,8728.52,91,0,17041.99,10.74
669,381,6,5,4,1,1,3,8,16,16,0.0195,0.2500,0.2000,0.1248,0,1A,303272,8000.98,0,0,0,15443.36,159,0,23752.93,10.74
670,381,7,6,4,2,1,3,9,16,16,0.0234,0.2000,0.3333,0.1384,0,Sweep,360600,8004.88,0,0,0,15596.68,161,0,23906.25,12.70
671,381,8,7,5,2,4,3,10,16,16,0.0273,0.6667,0.2857,0.2708,1,Sweep-S1,5,11.72,3,3,0,17601.56,4,0,17921.88,11.72
672,382,9,8,7,1,2,3,11,16,16,0.0313,0.2857,0.1250,0.1263,1,Sweep-S1,68,39.06,1,0,1,9897.46,3,0,10248.05,10.74
673,383,2,1,1,0,0,4,5,16,16,0.0039,0.0000,0.0000,0.0020,1,Trivial,0,0.00,0,0,0,0.00,0,0,304.69,9.77
674,384,3,2,2,0,0,4,6,16,16,0.0078,0.0000,0.0000,0.0039,1,Sweep-S1,19,12.70,1,1,0,5963.87,18,0,6288.09,10.74
675,385,4,3,2,1,2,4,7,16,16,0.0117,1.0000,0.3333,0.3725,1,Sweep-S1,87,26.37,3,3,0,14673.83,13,0,15009.77,10.74
676,386,5,4,2,2,2,4,8,16,16,0.0156,0.6667,0.5000,0.3078,0,Sweep,369200,8001.95,0,0,0,16013.67,165,0,24327.15,11.72
677,386,6,5,1,4,2,4,9,16,16,0.0195,0.5000,0.8000,0.3198,1,Sweep-S1,214200,8001.95,0,0,0,4862.31,46,0,13169.92,11.72
678,387,7,4,4,0,0,4,8,16,16,0.0156,0.0000,0.0000,0.0078,1,Trivial,0,0.00,0,0,0,0.00,0,0,308.59,10.74
679,388,8,7,3,4,4,4,11,16,16,0.0273,0.6667,0.5714,0.3280,1,Sweep-S1,6,12.70,1,0,1,9828.13,5,0,10146.48,11.72
680,389,9,7,3,4,5,4,11,16,16,0.0273,0.8333,0.5714,0.3780,0,Sweep,837,9041.99,0,0,0,36774.41,124,0,46120.12,11.72
681,389,2,1,1,0,0,0,1,16,16,0.0039,0.0000,0.0000,0.0020,1,Trivial,0,0.00,0,0,0,0.00,0,0,310.55,10.74
682,390,3,2,2,0,0,0,2,16,16,0.0078,0.0000,0.0000,0.0039,1,Sweep-S1,6,12.70,1,1,0,6024.41,4,0,6346.68,10.74
683,391,4,3,3,0,0,0,3,16,16,0.0117,0.0000,0.0000,0.0059,1,Trivial,0,0.00,0,0,0,0.00,0,0,308.59,9.77
684,392,5,3,3,0,0,0,3,16,16,0.0117,0.0000,0.0000,0.0059,0,Sweep,795,7503.91,1,0,1,8893.56,90,1,16701.17,10.74
685,392,6,5,3,2,3,0,5,16,16,0.0195,0.7500,0.4000,0.3148,1,Sweep-S1,8,12.70,1,0,1,8293.95,7,0,8616.21,10.74
686,393,7,4,4,0,0,0,4,16,16,0.0156,0.0000,0.0000,0.0078,1,Sweep-S1,5,13.67,1,0,1,5883.79,4,0,6204.10,11.72
687,394,8,6,4,2,2,0,6,16,16,0.0234,0.4000,0.3333,0.1984,1,Sweep-S1,5,12.70,1,0,1,5779.30,4,0,6100.59,9.77
688,395,9,5,3,2,1,0,5,16,16,0.0195,0.2500,0.4000,0.1648,1,1B,1,12.70,1,0,1,3862.31,0,0,4492.19,10.74
689,396,2,1,1,0,0,1,2,16,16,0.0039,0.0000,0.0000,0.0020,1,Sweep-S1,5,12.70,1,1,0,5869.14,4,0,6188.48,8.79
690,397,3,2,2,0,0,1,3,16,16,0.0078,0.0000,0.0000,0.0039,1,1B,1,12.70,1,0,1,7789.06,0,0,8419.92,10.74
691,398,4,3,2,1,1,1,4,16,16,0.0117,0.5000,0.3333,0.2225,0,Sweep,764,8170.90,1,0,1,5750.98,59,1,14228.52,10.74
692,398,5,4,2,2,3,1,5,16,16,0.0156,1.0000,0.5000,0.4078,0,None,0,0.00,0,0,0,0.00,0,0,0.00,9.77
693,398,6,4,2,2,3,1,5,16,16,0.0156,1.0000,0.5000,0.4078,0,Sweep,750,7541.99,1,0,1,6675.78,69,1,14526.37,10.74
694,398,7,6,5,1,1,1,7,16,16,0.0234,0.2000,0.1667,0.1051,0,Sweep,37051,2628.91,5,5,0,37629.88,178,0,40559.57,9.77
695,398,8,5,3,2,3,1,6,16,16,0.0195,0.7500,0.4000,0.3148,1,Trivial,0,0.00,0,0,0,0.00,0,0,302.73,10.74
696,399,9,6,3,3,4,1,7,16,16,0.0234,0.8000,0.5000,0.3517,0,Sweep,112,12.70,1,0,1,15711.91,111,0,16027.34,10.74
697,399,2,1,1,0,0,2,3,16,16,0.0039,0.0000,0.0000,0.0020,1,Sweep-S1,5,12.70,1,1,0,4637.70,4,0,4960.94,8.79
698,400,3,2,2,0,0,2,4,16,16,0.0078,0.0000,0.0000,0.0039,1,1B,1,12.70,1,0,1,6603.52,0,0,7229.49,10.74
699,401,4,3,1,2,1,2,5,16,16,0.0117,0.5000,0.6667,0.2892,0,Sweep,677,39.06,3,3,0,21383.79,90,0,21732.42,11.72
700,401,5,4,1,3,1,2,6,16,16,0.0156,0.3333,0.7500,0.2578,0,Sweep,66669,4961.91,5,5,0,31526.37,99,0,36799.80,9.77
701,401,6,3,1,2,1,2,5,16,16,0.0117,0.5000,0.6667,0.2892,1,Sweep-S1,5,13.67,1,0,1,5614.26,4,0,5929.69,8.79
702,402,7,5,3,2,3,2,7,16,16,0.0195,0.7500,0.4000,0.3148,0,Sweep,8839,598.63,2,2,0,24353.52,125,0,25254.88,10.74
703,402,8,7,3,4,5,2,9,16,16,0.0273,0.8333,0.5714,0.3780,1,Sweep-S1,143800,8012.70,0,0,0,258.79,2,0,8581.06,10.74
704,403,9,6,5,1,2,2,8,16,16,0.0234,0.4000,0.1667,0.1651,1,1B,1,13.67,1,0,1,5344.73,0,0,5969.73,10.74
705,404,2,1,1,0,0,3,4,16,16,0.0039,0.0000,0.0000,0.0020,1,Trivial,0,0.00,0,0,0,0.00,0,0,308.59,9.77
706,405,3,2,2,0,0,3,5,16,16,0.0078,0.0000,0.0000,0.0039,1,Sweep-S1,32780,2242.19,1,0,1,8502.93,3,0,11048.83,9.77
707,406,4,3,3,0,0,3,6,16,16,0.0117,0.0000,0.0000,0.0059,0,Sweep,827,14534.18,1,0,1,14325.20,122,1,29167.97,11.72
708,406,5,4,1,3,2,3,7,16,16,0.0156,0.6667,0.7500,0.3578,0,Sweep,907,16387.70,1,0,1,22395.51,202,1,39088.87,8.79
709,406,6,3,3,0,0,3,6,16,16,0.0117,0.0000,0.0000,0.0059,0,Sweep,236200,8010.74,0,0,0,6353.52,66,0,14666.02,10.74
710,406,7,6,2,4,3,3,9,16,16,0.0234,0.6000,0.6667,0.3251,1,Sweep-S1,76,457.03,3,0,3,24299.80,10,0,25061.52,10.74
711,407,8,6,5,1,2,3,9,16,16,0.0234,0.4000,0.1667,0.1651,0,Sweep,271200,8003.91,0,0,0,8668.95,89,0,16978.52,11.72
712,407,9,6,5,1,1,3,9,16,16,0.0234,0.2000,0.1667,0.1051,0,Sweep,304200,8002.93,0,0,0,11246.09,117,0,19556.64,12.70
713,407,2,1,1,0,0,4,5,16,16,0.0039,0.0000,0.0000,0.0020,1,Trivial,0,0.00,0,0,0,0.00,0,0,302.73,10.74
714,408,3,2,2,0,0,4,6,16,16,0.0078,0.0000,0.0000,0.0039,0,Sweep,262303,8005.86,0,0,0,9323.24,94,0,17640.63,10.74
715,408,4,3,2,1,1,4,7,16,16,0.0117,0.5000,0.3333,0.2225,1,1A,3,13.67,1,1,0,5648.44,0,0,6274.41,11.72
716,409,5,4,1,3,2,4,8,16,16,0.0156,0.6667,0.7500,0.3578,0,Sweep,303400,8005.86,0,0,0,11564.45,119,0,19872.07,10.74
717,409,6,3,3,0,0,4,7,16,16,0.0117,0.0000,0.0000,0.0059,1,Sweep-S1,5,13.67,1,0,1,5409.18,4,0,5726.56,10.74
718,410,7,6,4,2,4,4,10,16,16,0.0234,0.8000,0.3333,0.3184,0,Sweep,389800,8002.93,0,0,0,18087.89,185,0,26392.58,9.77
719,410,8,7,5,2,1,4,11,16,16,0.0273,0.1667,0.2857,0.1208,1,Sweep-S1,76,107.42,2,0,2,18519.53,4,0,18929.69,9.77
720,411,9,7,6,1,2,4,11,16,16,0.0273,0.3333,0.1429,0.1422,0,Sweep,861,14123.05,0,0,0,25936.52,148,0,40362.30,9.77
721,411,2,1,1,0,0,0,1,16,16,0.0039,0.0000,0.0000,0.0020,1,Sweep-S1,5,12.70,1,1,0,6130.86,4,0,6456.06,10.74
722,412,3,2,2,0,0,0,2,16,16,0.0078,0.0000,0.0000,0.0039,1,Trivial,0,0.00,0,0,0,0.00,0,0,301.76,9.77
723,413,4,3,0,3,0,0,3,16,16,0.0117,0.0000,1.0000,0.2059,0,Sweep,173,25.39,3,3,0,22253.91,83,0,22584.96,9.77
724,413,5,4,3,1,2,0,4,16,16,0.0156,0.6667,0.2500,0.2578,1,Sweep-S1,683,54.69,2,2,0,12209.96,34,0,12569.34,13.67
725,414,6,5,3,2,1,0,5,16,16,0.0195,0.2500,0.4000,0.1648,1,Sweep-S1,533,41.02,2,2,0,10563.48,12,0,10906.25,10.74
726,415,7,6,5,1,2,0,6,16,16,0.0234,0.4000,0.1667,0.1651,1,1B,1,13.67,1,0,1,4362.31,0,0,4987.31,10.74
727,416,8,5,2,3,1,0,5,16,16,0.0195,0.2500,0.6000,0.2048,1,1B,1,12.70,1,0,1,7528.32,0,0,8157.23,10.74
728,417,9,6,4,2,3,0,6,16,16,0.0234,0.6000,0.3333,0.2584,1,1B,1,13.67,1,0,1,7323.24,0,0,7945.31,11.72
729,418,2,1,1,0,0,1,2,16,16,0.0039,0.0000,0.0000,0.0020,1,Sweep-S1,5,12.70,1,1,0,6133.79,4,0,6447.27,10.74
730,419,3,2,2,0,0,1,3,16,16,0.0078,0.0000,0.0000,0.0039,1,Sweep-S1,6,12.70,1,1,0,5797.85,4,0,6119.14,10.74
731,420,4,3,2,1,1,1,4,16,16,0.0117,0.5000,0.3333,0.2225,1,1B,1,13.67,1,0,1,7690.43,0,0,8315.43,10.74
732,421,5,4,3,1,2,1,5,16,16,0.0156,0.6667,0.2500,0.2578,1,Sweep-S1,676,53.71,3,3,0,14740.23,27,0,15097.66,9.77
733,422,6,3,1,2,2,1,4,16,16,0.0117,1.0000,0.6667,0.4392,0,Sweep,794,11013.67,1,0,1,8668.95,89,1,19984.38,11.72
734,422,7,6,4,2,4,1,7,16,16,0.0234,0.8000,0.3333,0.3184,0,Sweep,275800,8004.88,0,0,0,9492.19,99,0,17803.71,10.74
735,422,8,7,3,4,4,1,8,16,16,0.0273,0.6667,0.5714,0.3280,0,Sweep,251000,8001.95,0,0,0,7818.36,82,0,16121.09,9.77
736,422,9,6,4,2,1,1,7,16,16,0.0234,0.2000,0.3333,0.1384,0,Sweep,786,16740.23,1,0,1,10409.18,81,1,27457.03,10.74
737,422,2,1,1,0,0,2,3,16,16,0.0039,0.0000,0.0000,0.0020,1,Sweep-S1,5,13.67,1,1,0,5615.23,4,0,5936.52,8.79
738,423,3,2,2,0,0,2,4,16,16,0.0078,0.0000,0.0000,0.0039,1,Sweep-S1,6,11.72,1,1,0,6051.76,4,0,6368.16,10.74
739,424,4,3,2,1,1,2,5,16,16,0.0117,0.5000,0.3333,0.2225,1,Sweep-S1,5,13.67,1,0,1,5620.12,4,0,5946.29,10.74
740,425,5,4,2,2,1,2,6,16,16,0.0156,0.3333,0.5000,0.2078,1,1A,138,28.32,5,5,0,27556.64,0,0,28200.20,10.74
741,426,6,5,3,2,3,2,7,16,16,0.0195,0.7500,0.4000,0.3148,1,1B,1,13.67,1,0,1,7323.24,0,0,7942.38,10.74
742,427,7,5,3,2,3,2,7,16,16,0.0195,0.7500,0.4000,0.3148,1,Sweep-S1,5,20.51,1,0,1,10226.56,4,0,10553.71,11.72
743,428,8,7,5,2,1,2,9,16,16,0.0273,0.1667,0.2857,0.1208,1,Sweep-S1,8,12.70,1,0,1,7842.77,7,0,8160.16,10.74
744,429,9,7,5,2,2,2,9,16,16,0.0273,0.3333,0.2857,0.1708,0,Sweep,806,15160.16,1,0,1,12453.13,101,1,27923.83,11.72
745,429,2,1,1,0,0,3,4,16,16,0.0039,0.0000,0.0000,0.0020,1,Sweep-S1,5,12.70,1,1,0,5376.95,4,0,5691.41,10.74
746,430,3,2,2,0,0,3,5,16,16,0.0078,0.0000,0.0000,0.0039,1,Sweep-S1,21,24.41,2,2,0,10575.20,12,0,10903.32,10.74
747,431,4,3,1,2,1,3,6,16,16,0.0117,0.5000,0.6667,0.2892,1,Sweep-S1,65653,4502.93,4,4,0,24747.07,43,0,29556.64,10.74
748,432,5,4,3,1,2,3,7,16,16,0.0156,0.6667,0.2500,0.2578,1,Sweep-S1,4235,304.69,5,5,0,31113.28,66,0,31719.73,11.72
749,433,6,3,3,0,0,3,6,16,16,0.0117,0.0000,0.0000,0.0059,0,Sweep,262333,8013.67,0,0,0,12127.93,124,0,20443.36,12.70
750,433,7,5,5,0,0,3,8,16,16,0.0195,0.0000,0.0000,0.0098,1,Sweep-S1,194800,8012.70,0,0,0,3503.91,35,0,11816.41,10.74
751,434,8,6,2,4,3,3,9,16,16,0.0234,0.6000,0.6667,0.3251,0,Sweep,802,18101.56,1,0,1,12766.60,97,1,31179.69,11.72
752,434,9,6,4,2,2,3,9,16,16,0.0234,0.4000,0.3333,0.1984,1,Sweep-S1,6,13.67,1,0,1,7201.17,5,0,7514.65,10.74
753,435,2,1,1,0,0,4,5,16,16,0.0039,0.0000,0.0000,0.0020,1,Trivial,0,0.00,0,0,0,0.00,0,0,300.78,10.74
754,436,3,2,2,0,0,4,6,16,16,0.0078,0.0000,0.0000,0.0039,0,Sweep,778,12772.46,1,0,1,6916.99,73,1,19992.19,9.77
755,436,4,3,1,2,1,4,7,16,16,0.0117,0.5000,0.6667,0.2892,0,1A,266444,8006.84,0,0,0,12648.44,123,0,20958.01,11.72
756,436,5,3,1,2,1,4,7,16,16,0.0117,0.5000,0.6667,0.2892,0,Sweep,324400,8006.84,0,0,0,12676.76,132,0,20993.16,10.74
757,436,6,5,3,2,3,4,9,16,16,0.0195,0.7500,0.4000,0.3148,0,Sweep,273600,8009.77,0,0,0,8940.43,90,0,17260.74,10.74
758,436,7,6,2,4,2,4,10,16,16,0.0234,0.4000,0.6667,0.2651,1,Sweep-S1,8,13.67,1,0,1,8260.74,7,0,8576.17,10.74
759,437,8,5,4,1,1,4,9,16,16,0.0195,0.2500,0.2000,0.1248,0,Sweep,293600,8006.84,0,0,0,12109.38,122,0,20419.92,10.74
760,437,9,5,3,2,2,4,9,16,16,0.0195,0.5000,0.4000,0.2398,0,Sweep,296800,8001.95,0,0,0,10789.06,114,0,19102.54,10.74
761,437,2,1,1,0,0,0,1,16,16,0.0039,0.0000,0.0000,0.0020,1,Sweep-S1,5,11.72,1,1,0,4624.02,4,0,4938.48,10.74
762,438,3,2,2,0,0,0,2,16,16,0.0078,0.0000,0.0000,0.0039,0,Sweep,750,3624.02,1,0,1,4424.81,45,1,8352.54,10.74
763,438,4,3,1,2,1,0,3,16,16,0.0117,0.5000,0.6667,0.2892,0,Sweep,266,29.30,2,2,0,15300.78,56,0,15639.65,9.77
764,438,5,4,2,2,1,0,4,16,16,0.0156,0.3333,0.5000,0.2078,0,Sweep,1290,97.66,3,3,0,23180.66,72,0,23579.10,10.74
765,438,6,4,2,2,3,0,4,16,16,0.0156,1.0000,0.5000,0.4078,1,Sweep-S1,5,12.70,1,0,1,8270.51,4,0,8594.73,10.74
766,439,7,6,4,2,3,0,6,16,16,0.0234,0.6000,0.3333,0.2584,1,Sweep-S3,1585,100.59,5,5,0,25538.09,48,0,25939.45,10.74
767,440,8,6,3,3,3,0,6,16,16,0.0234,0.6000,0.5000,0.2917,0,Sweep,262260,8005.86,0,0,0,10291.02,107,0,18599.61,10.74
768,440,9,8,5,3,1,0,8,16,16,0.0313,0.1429,0.3750,0.1335,0,Sweep,106,24.41,6,6,0,36101.56,96,0,36436.52,10.74
769,440,2,1,1,0,0,1,2,16,16,0.0039,0.0000,0.0000,0.0020,1,Trivial,0,0.00,0,0,0,0.00,0,0,311.52,9.77
770,441,3,2,2,0,0,1,3,16,16,0.0078,0.0000,0.0000,0.0039,0,Sweep,714,3395.51,1,0,1,4600.59,49,1,8303.71,10.74
771,441,4,3,2,1,1,1,4,16,16,0.0117,0.5000,0.3333,0.2225,0,Sweep,667,42.97,2,2,0,16916.99,82,0,17263.67,10.74
772,441,5,3,2,1,2,1,4,16,16,0.0117,1.0000,0.3333,0.3725,1,Sweep-S1,6,12.70,1,0,1,7163.09,5,0,7478.52,11.72
773,442,6,4,3,1,1,1,5,16,16,0.0156,0.3333,0.2500,0.1578,1,Sweep-S1,5,14.65,1,0,1,6780.27,4,0,7109.38,10.74
774,443,7,6,2,4,3,1,7,16,16,0.0234,0.6000,0.6667,0.3251,0,Sweep,66822,4647.46,6,6,0,41100.59,123,0,46053.71,11.72
775,443,8,6,5,1,1,1,7,16,16,0.0234,0.2000,0.1667,0.1051,0,Sweep,316200,8006.84,0,0,0,12720.70,130,0,21034.18,10.74
776,443,9,6,4,2,2,1,7,16,16,0.0234,0.4000,0.3333,0.1984,0,Sweep,33931,2389.65,5,5,0,35061.52,129,0,37751.95,10.74
777,443,2,1,1,0,0,2,3,16,16,0.0039,0.0000,0.0000,0.0020,1,Sweep-S1,5,15.63,1,1,0,4888.67,4,0,5213.87,10.74
778,444,3,2,2,0,0,2,4,16,16,0.0078,0.0000,0.0000,0.0039,1,1B,4105,344.73,1,0,1,7689.45,0,0,8659.18,11.72
779,445,4,3,2,1,1,2,5,16,16,0.0117,0.5000,0.3333,0.2225,1,Sweep-S1,5,14.65,1,0,1,7811.52,4,0,8131.84,12.70
780,446,5,3,2,1,1,2,5,16,16,0.0117,0.5000,0.3333,0.2225,1,Sweep-S1,5,15.63,1,0,1,5408.20,4,0,5726.56,12.70
781,447,6,4,1,3,2,2,6,16,16,0.0156,0.6667,0.7500,0.3578,0,Sweep,41125,3287.11,4,4,0,28684.57,99,0,32284.18,11.72
782,447,7,5,3,2,2,2,7,16,16,0.0195,0.5000,0.4000,0.2398,0,Sweep,213400,8007.81,0,0,0,7511.72,74,0,15825.20,12.70
783,447,8,7,3,4,5,2,9,16,16,0.0273,0.8333,0.5714,0.3780,0,Sweep,8467,661.13,5,5,0,44515.63,201,0,45481.45,11.72
784,447,9,6,3,3,2,2,8,16,16,0.0234,0.4000,0.5000,0.2317,0,Sweep,69784,5593.75,4,4,0,28949.22,142,0,34842.77,11.72
785,447,2,1,1,0,0,3,4,16,16,0.0039,0.0000,0.0000,0.0020,1,Trivial,0,0.00,0,0,0,0.00,0,0,300.78,13.67
786,448,3,2,2,0,0,3,5,16,16,0.0078,0.0000,0.0000,0.0039,1,Trivial,0,0.00,0,0,0,0.00,0,0,304.69,11.72
787,449,4,3,3,0,0,3,6,16,16,0.0117,0.0000,0.0000,0.0059,1,Sweep-S1,29,31.25,4,4,0,17205.08,20,0,17543.95,12.70
788,450,5,4,3,1,1,3,7,16,16,0.0156,0.3333,0.2500,0.1578,0,Sweep,116,29.30,5,5,0,30430.66,97,0,30768.55,12.70
789,450,6,5,1,4,2,3,8,16,16,0.0195,0.5000,0.8000,0.3198,0,Sweep,829,67.38,3,3,0,31836.91,187,0,32218.75,12.70
790,450,7,4,2,2,2,3,7,16,16,0.0156,0.6667,0.5000,0.3078,1,Sweep-S1,5,15.63,1,0,1,7545.90,4,0,7870.12,12.70
791,451,8,7,2,5,2,3,10,16,16,0.0273,0.3333,0.7143,0.2565,0,Sweep,309400,8008.79,0,0,0,14740.23,140,0,23059.57,11.72
792,451,9,8,7,1,2,3,11,16,16,0.0313,0.2857,0.1250,0.1263,0,Sweep,1329,4549.81,0,0,0,10702.15,112,0,15559.57,11.72
793,451,2,1,1,0,0,4,5,16,16,0.0039,0.0000,0.0000,0.0020,1,Sweep-S1,5,12.70,2,2,0,10362.30,4,0,10685.55,11.72
794,452,3,2,2,0,0,4,6,16,16,0.0078,0.0000,0.0000,0.0039,0,Sweep,250200,8008.79,0,0,0,6670.90,66,0,14984.38,10.74
795,452,4,3,2,1,2,4,7,16,16,0.0117,1.0000,0.3333,0.3725,0,Sweep,786,11931.64,1,0,1,10036.13,81,1,22270.51,10.74
796,452,5,4,2,2,2,4,8,16,16,0.0156,0.6667,0.5000,0.3078,0,Sweep,836,20148.44,1,0,1,16184.57,131,1,36637.70,11.72
797,452,6,5,2,3,3,4,9,16,16,0.0195,0.7500,0.6000,0.3548,0,Sweep,386000,8009.77,0,0,0,16381.84,165,0,24696.29,11.72
798,452,7,4,2,2,3,4,8,16,16,0.0156,1.0000,0.5000,0.4078,1,Sweep-S1,69713,5139.65,4,4,0,20296.88,6,0,25742.19,10.74
799,453,8,6,1,5,2,4,10,16,16,0.0234,0.4000,0.8333,0.2984,1,Sweep-S1,25,13.67,1,0,1,7519.53,24,0,7835.94,11.72
800,454,9,3,3,0,0,4,7,16,16,0.0117,0.0000,0.0000,0.0059,0,Sweep,782,12079.10,1,0,1,9862.31,85,1,22253.91,11.72
801,454,2,1,1,0,0,0,1,16,16,0.0039,0.0000,0.0000,0.0020,1,Trivial,0,0.00,0,0,0,0.00,0,0,310.55,10.74
802,455,3,2,2,0,0,0,2,16,16,0.0078,0.0000,0.0000,0.0039,1,Sweep-S1,21,24.41,2,2,0,13039.06,12,0,13365.23,10.74
803,456,4,3,2,1,1,0,3,16,16,0.0117,0.5000,0.3333,0.2225,0,Sweep,66,11.72,1,1,0,12282.23,64,0,12603.52,10.74
804,456,5,3,3,0,0,0,3,16,16,0.0117,0.0000,0.0000,0.0059,1,1B,1,11.72,1,0,1,8538.09,0,0,9168.95,11.72
805,457,6,3,1,2,1,0,3,16,16,0.0117,0.5000,0.6667,0.2892,1,Sweep-S1,25,12.70,1,0,1,9498.05,24,0,9819.34,10.74
806,458,7,6,2,4,3,0,6,16,16,0.0234,0.6000,0.6667,0.3251,0,Sweep,37082,2571.29,6,6,0,39763.67,144,0,42637.70,10.74
807,458,8,4,3,1,2,0,4,16,16,0.0156,0.6667,0.2500,0.2578,1,Sweep-S1,23,25.39,4,4,0,20714.84,12,0,21050.78,10.74
808,459,9,7,3,4,3,0,7,16,16,0.0273,0.5000,0.5714,0.2780,1,Sweep-S1,6,12.70,1,0,1,6616.21,5,0,6932.62,11.72
809,460,2,1,1,0,0,1,2,16,16,0.0039,0.0000,0.0000,0.0020,1,Trivial,0,0.00,0,0,0,0.00,0,0,306.64,10.74
810,461,3,2,2,0,0,1,3,16,16,0.0078,0.0000,0.0000,0.0039,0,Sweep,758,4067.38,1,0,1,5097.66,53,1,9468.75,10.74
811,461,4,3,2,1,2,1,4,16,16,0.0117,1.0000,0.3333,0.3725,0,Sweep,237,26.37,3,3,0,23043.95,100,0,23379.88,10.74
812,461,5,4,2,2,1,1,5,16,16,0.0156,0.3333,0.5000,0.2078,0,Sweep,1760,112.30,4,4,0,35648.44,159,0,36071.29,10.74
813,461,6,5,4,1,1,1,6,16,16,0.0195,0.2500,0.2000,0.1248,0,Sweep,245400,8011.72,0,0,0,7041.02,74,0,15354.49,11.72
814,461,7,5,2,3,2,1,6,16,16,0.0195,0.5000,0.6000,0.2798,1,Sweep-S1,25,13.67,1,0,1,7575.20,24,0,7889.65,10.74
815,462,8,7,4,3,3,1,8,16,16,0.0273,0.5000,0.4286,0.2494,0,Sweep,794,22659.18,1,0,1,12783.20,89,1,35750.00,10.74
816,462,9,7,6,1,2,1,8,16,16,0.0273,0.3333,0.1429,0.1422,0,Sweep,32907,2368.16,5,5,0,36389.65,130,0,39065.43,10.74
817,462,2,1,1,0,0,2,3,16,16,0.0039,0.0000,0.0000,0.0020,1,Trivial,0,0.00,0,0,0,0.00,0,0,300.78,9.77
818,463,3,2,2,0,0,2,4,16,16,0.0078,0.0000,0.0000,0.0039,0,Sweep,766,7137.70,1,0,1,5872.07,61,1,13315.43,8.79
819,463,4,3,1,2,2,2,5,16,16,0.0117,1.0000,0.6667,0.4392,0,Sweep,774,14436.52,1,0,1,6628.91,69,1,21369.14,9.77
820,463,5,4,3,1,2,2,6,16,16,0.0156,0.6667,0.2500,0.2578,0,Sweep,219,12.70,1,1,0,20093.75,144,0,20416.99,12.70
821,463,6,5,2,3,3,2,7,16,16,0.0195,0.7500,0.6000,0.3548,0,Sweep,254800,8007.81,0,0,0,7817.38,82,0,16131.84,9.77
822,463,7,5,5,0,0,2,7,16,16,0.0195,0.0000,0.0000,0.0098,0,Sweep,124,12.70,1,1,0,16341.80,114,0,16656.25,11.72
823,463,8,7,3,4,3,2,9,16,16,0.0273,0.5000,0.5714,0.2780,0,Sweep,275400,8009.77,0,0,0,10297.85,106,0,18618.16,9.77
824,463,9,7,3,4,4,2,9,16,16,0.0273,0.6667,0.5714,0.3280,0,Sweep,806,13979.49,1,0,1,12181.64,101,1,26470.70,10.74
825,463,2,1,1,0,0,3,4,16,16,0.0039,0.0000,0.0000,0.0020,1,Trivial,0,0.00,0,0,0,0.00,0,0,309.57,10.74
826,464,3,2,2,0,0,3,5,16,16,0.0078,0.0000,0.0000,0.0039,0,Sweep,32935,2259.77,1,0,1,18469.73,102,0,21030.27,12.70
827,464,4,3,3,0,0,3,6,16,16,0.0117,0.0000,0.0000,0.0059,1,Trivial,0,0.00,0,0,0,0.00,0,0,304.69,11.72
828,465,5,3,1,2,1,3,6,16,16,0.0117,0.5000,0.6667,0.2892,0,Sweep,778,13382.81,1,0,1,9444.34,73,1,23135.74,10.74
829,465,6,5,3,2,3,3,8,16,16,0.0195,0.7500,0.4000,0.3148,0,Sweep,4445,309.57,8,8,0,53530.27,212,0,54140.63,10.74
830,465,7,5,2,3,2,3,8,16,16,0.0195,0.5000,0.6000,0.2798,0,Sweep,274600,8001.95,0,0,0,9364.26,98,0,17670.90,10.74
831,465,8,7,6,1,2,3,10,16,16,0.0273,0.3333,0.1429,0.1422,1,1A,262748,8007.81,0,0,0,8981.45,91,0,17294.92,10.74
832,466,9,8,6,2,4,3,11,16,16,0.0313,0.5714,0.2500,0.2371,1,1B,1,13.67,1,0,1,5842.77,0,0,6477.54,10.74
833,467,2,1,1,0,0,4,5,16,16,0.0039,0.0000,0.0000,0.0020,1,Trivial,0,0.00,0,0,0,0.00,0,0,307.62,11.72
834,468,3,2,2,0,0,4,6,16,16,0.0078,0.0000,0.0000,0.0039,1,Trivial,0,0.00,0,0,0,0.00,0,0,302.73,9.77
835,469,4,3,2,1,1,4,7,16,16,0.0117,0.5000,0.3333,0.2225,0,Sweep,788,11983.40,1,0,1,10024.41,83,1,22311.52,11.72
836,469,5,4,1,3,2,4,8,16,16,0.0156,0.6667,0.7500,0.3578,0,Sweep,794,11541.99,1,0,1,8527.34,89,1,20370.12,10.74
837,469,6,5,2,3,1,4,9,16,16,0.0195,0.2500,0.6000,0.2048,1,Sweep-S1,149400,8006.84,0,0,0,177.73,1,0,8493.16,10.74
838,470,7,6,3,3,3,4,10,16,16,0.0234,0.6000,0.5000,0.2917,0,Sweep,378400,8009.77,0,0,0,16242.19,169,0,24554.69,10.74
839,470,8,7,5,2,4,4,11,16,16,0.0273,0.6667,0.2857,0.2708,1,1B,9,41.02,1,0,1,7344.73,0,0,8004.88,9.77
840,471,9,8,4,4,4,4,12,16,16,0.0313,0.5714,0.5000,0.2871,1,Trivial,0,0.00,0,0,0,0.00,0,0,302.73,10.74
841,472,2,1,1,0,0,0,1,16,16,0.0039,0.0000,0.0000,0.0020,1,Sweep-S1,5,11.72,1,1,0,4620.12,4,0,4937.50,8.79
842,473,3,2,2,0,0,0,2,16,16,0.0078,0.0000,0.0000,0.0039,0,Sweep,828,914.06,0,0,0,4878.91,51,0,6098.63,10.74
843,473,4,3,1,2,2,0,3,16,16,0.0117,1.0000,0.6667,0.4392,0,Sweep,149,25.39,2,2,0,13885.74,58,0,14223.63,10.74
844,473,5,4,2,2,2,0,4,16,16,0.0156,0.6667,0.5000,0.3078,0,Sweep,625,41.99,4,4,0,26323.24,96,0,26665.04,11.72
845,473,6,5,2,3,3,0,5,16,16,0.0195,0.7500,0.6000,0.3548,0,Sweep,4827,336.91,4,4,0,32148.44,138,0,32789.06,10.74
846,473,7,6,4,2,1,0,6,16,16,0.0234,0.2000,0.3333,0.1384,0,Sweep,4817,326.17,4,4,0,30805.66,120,0,31435.55,9.77
847,473,8,7,3,4,3,0,7,16,16,0.0273,0.5000,0.5714,0.2780,0,Sweep,254400,8014.65,0,0,0,7791.02,81,0,16106.45,10.74
848,473,9,5,1,4,1,0,5,16,16,0.0195,0.2500,0.8000,0.2448,1,1B,1,13.67,1,0,1,6833.98,0,0,7461.91,10.74
849,474,2,1,1,0,0,1,2,16,16,0.0039,0.0000,0.0000,0.0020,1,Sweep-S1,5,13.67,1,1,0,5369.14,4,0,5692.38,10.74
850,475,3,2,2,0,0,1,3,16,16,0.0078,0.0000,0.0000,0.0039,1,Sweep-S1,21,24.41,2,2,0,12541.99,12,0,12872.07,10.74
851,476,4,3,1,2,2,1,4,16,16,0.0117,1.0000,0.6667,0.4392,1,Sweep-S3,205,27.34,3,3,0,20929.69,66,0,21259.77,10.74
852,477,5,4,1,3,1,1,5,16,16,0.0156,0.3333,0.7500,0.2578,1,Sweep-S1,8,13.67,1,0,1,8274.41,7,0,8590.82,10.74
853,478,6,5,3,2,3,1,6,16,16,0.0195,0.7500,0.4000,0.3148,1,Sweep-S1,4709,379.88,5,5,0,30431.64,28,0,31112.30,11.72
854,479,7,6,3,3,3,1,7,16,16,0.0234,0.6000,0.5000,0.2917,1,Sweep-S1,85,29.30,4,4,0,22327.15,4,0,22666.02,11.72
855,480,8,4,1,3,2,1,5,16,16,0.0156,0.6667,0.7500,0.3578,0,Sweep,90,15.63,1,0,1,16108.40,89,0,16426.76,12.70
856,480,9,7,6,1,1,1,8,16,16,0.0273,0.1667,0.1429,0.0922,0,Sweep,70358,5807.62,5,5,0,37127.93,141,0,43247.07,11.72
857,480,2,1,1,0,0,2,3,16,16,0.0039,0.0000,0.0000,0.0020,1,Trivial,0,0.00,0,0,0,0.00,0,0,305.66,11.72
858,481,3,2,2,0,0,2,4,16,16,0.0078,0.0000,0.0000,0.0039,1,Sweep-S1,21,29.30,3,3,0,17250.98,12,0,17582.03,11.72
859,482,4,3,2,1,2,2,5,16,16,0.0117,1.0000,0.3333,0.3725,0,Sweep,803,9908.20,1,0,1,9541.99,98,1,19762.70,11.72
860,482,5,4,3,1,1,2,6,16,16,0.0156,0.3333,0.2500,0.1578,1,1B,1,15.63,1,0,1,6594.73,0,0,7211.91,13.67
861,483,6,3,1,2,1,2,5,16,16,0.0117,0.5000,0.6667,0.2892,1,Sweep-S1,5,13.67,1,1,0,5959.96,4,0,6283.20,11.72
862,484,7,6,4,2,2,2,8,16,16,0.0234,0.4000,0.3333,0.1984,0,Sweep,235600,8010.74,0,0,0,8405.27,81,0,16719.73,11.72
863,484,8,7,4,3,3,2,9,16,16,0.0273,0.5000,0.4286,0.2494,0,Sweep,229200,8016.60,0,0,0,9280.27,97,0,17610.35,10.74
864,484,9,6,3,3,3,2,8,16,16,0.0234,0.6000,0.5000,0.2917,1,Sweep-S1,6,14.65,1,0,1,6753.91,5,0,7070.31,10.74
865,485,2,1,1,0,0,3,4,16,16,0.0039,0.0000,0.0000,0.0020,1,Sweep-S1,5,15.63,1,1,0,5894.53,4,0,6209.96,12.70
866,486,3,2,2,0,0,3,5,16,16,0.0078,0.0000,0.0000,0.0039,1,Trivial,0,0.00,0,0,0,0.00,0,0,311.52,11.72
867,487,4,3,1,2,1,3,6,16,16,0.0117,0.5000,0.6667,0.2892,0,Sweep,1253,105.47,4,4,0,28335.94,92,0,28745.12,11.72
868,487,5,4,1,3,1,3,7,16,16,0.0156,0.3333,0.7500,0.2578,0,Sweep,4356,371.09,5,5,0,35923.83,122,0,36607.42,13.67
869,487,6,5,3,2,2,3,8,16,16,0.0195,0.5000,0.4000,0.2398,0,Sweep,4829,380.86,6,6,0,41798.83,140,0,42482.42,11.72
870,487,7,4,3,1,2,3,7,16,16,0.0156,0.6667,0.2500,0.2578,1,Sweep-S1,8,11.72,1,0,1,7804.69,7,0,8121.09,11.72
871,488,8,6,3,3,2,3,9,16,16,0.0234,0.4000,0.5000,0.2317,0,Sweep,153,13.67,2,2,0,16615.23,88,0,16935.55,11.72
872,488,9,7,5,2,3,3,10,16,16,0.0273,0.5000,0.2857,0.2208,1,Sweep-S1,13,13.67,1,1,0,5771.48,3,0,6085.94,11.72
873,489,2,1,1,0,0,4,5,16,16,0.0039,0.0000,0.0000,0.0020,1,Trivial,0,0.00,0,0,0,0.00,0,0,308.59,11.72
874,490,3,2,2,0,0,4,6,16,16,0.0078,0.0000,0.0000,0.0039,1,Sweep-S1,19,11.72,1,1,0,5716.80,18,0,6029.30,9.77
875,491,4,3,2,1,1,4,7,16,16,0.0117,0.5000,0.3333,0.2225,0,Sweep,786,12525.39,1,0,1,10087.89,81,1,22917.97,11.72
876,491,5,3,0,3,0,4,7,16,16,0.0117,0.0000,1.0000,0.2059,0,Sweep,786,16435.55,1,0,1,10808.59,81,1,27548.83,13.67
877,491,6,5,3,2,4,4,9,16,16,0.0195,1.0000,0.4000,0.3898,0,Sweep,275000,8011.72,0,0,0,9121.09,97,0,17439.45,9.77
878,491,7,6,3,3,1,4,10,16,16,0.0234,0.2000,0.5000,0.1717,0,Sweep,37113,2771.48,8,8,0,57000.00,176,0,60078.13,9.77
879,491,8,5,5,0,0,4,9,16,16,0.0195,0.0000,0.0000,0.0098,1,Sweep-S2,772,21095.70,1,0,1,10255.86,67,1,31664.06,9.77
880,492,9,4,3,1,2,4,8,16,16,0.0156,0.6667,0.2500,0.2578,0,Sweep,794,13390.63,1,0,1,10939.45,89,1,24642.58,11.72
881,492,2,1,1,0,0,0,1,16,16,0.0039,0.0000,0.0000,0.0020,1,Trivial,0,0.00,0,0,0,0.00,0,0,304.69,9.77
882,493,3,2,2,0,0,0,2,16,16,0.0078,0.0000,0.0000,0.0039,1,Sweep-S1,21,25.39,2,2,0,11103.52,12,0,11435.55,7.81
883,494,4,3,2,1,1,0,3,16,16,0.0117,0.5000,0.3333,0.2225,0,Sweep,160,13.67,1,1,0,14496.09,86,0,14818.36,9.77
884,494,5,3,3,0,0,0,3,16,16,0.0117,0.0000,0.0000,0.0059,0,Sweep,758,4025.39,1,0,1,5169.92,53,1,9496.09,11.72
885,494,6,4,2,2,3,0,4,16,16,0.0156,1.0000,0.5000,0.4078,0,Sweep,795,7429.69,1,0,1,8654.30,90,1,16392.58,9.77
886,494,7,6,4,2,2,0,6,16,16,0.0234,0.4000,0.3333,0.1984,0,Sweep,34020,2390.63,4,4,0,35638.67,155,0,38330.08,11.72
887,494,8,5,2,3,2,0,5,16,16,0.0195,0.5000,0.6000,0.2798,0,Sweep,5324,371.09,4,4,0,33898.44,178,0,34595.70,9.77
888,494,9,8,5,3,5,0,8,16,16,0.0313,0.7143,0.3750,0.3049,1,Sweep-S3,8968,832.03,7,7,0,45636.72,126,0,46785.16,11.72
889,495,2,1,1,0,0,1,2,16,16,0.0039,0.0000,0.0000,0.0020,1,Trivial,0,0.00,0,0,0,0.00,0,0,312.50,11.72
890,496,3,2,2,0,0,1,3,16,16,0.0078,0.0000,0.0000,0.0039,0,Sweep,758,8375.00,1,0,1,5246.09,53,1,13929.69,13.67
891,496,4,3,1,2,2,1,4,16,16,0.0117,1.0000,0.6667,0.4392,0,Sweep,211,29.30,3,3,0,22349.61,64,0,22685.55,13.67
892,496,5,3,3,0,0,1,4,16,16,0.0117,0.0000,0.0000,0.0059,0,Sweep,762,5699.22,1,0,1,5597.66,57,1,11609.38,13.67
893,496,6,5,3,2,1,1,6,16,16,0.0195,0.2500,0.4000,0.1648,1,1B,1,17.58,1,0,1,6603.52,0,0,7222.66,11.72
894,497,7,5,4,1,2,1,6,16,16,0.0195,0.5000,0.2000,0.1998,0,Sweep,8811,712.89,4,4,0,30667.97,98,0,31681.64,11.72
895,497,8,5,3,2,2,1,6,16,16,0.0195,0.5000,0.4000,0.2398,0,Sweep,782,13396.48,1,0,1,7728.52,77,1,21435.55,11.72
896,497,9,5,5,0,0,1,6,16,16,0.0195,0.0000,0.0000,0.0098,0,Sweep,171,15.63,1,1,0,14595.70,98,0,14925.78,11.72
897,497,2,1,1,0,0,2,3,16,16,0.0039,0.0000,0.0000,0.0020,1,Sweep-S1,5,15.63,1,1,0,5138.67,4,0,5462.89,9.77
898,498,3,2,2,0,0,2,4,16,16,0.0078,0.0000,0.0000,0.0039,1,Sweep-S1,21,29.30,4,4,0,23732.42,12,0,24066.41,11.72
899,499,4,3,2,1,1,2,5,16,16,0.0117,0.5000,0.3333,0.2225,1,Sweep-S1,622,58.59,2,2,0,13671.88,37,0,14035.16,11.72
900,500,5,4,4,0,0,2,6,16,16,0.0156,0.0000,0.0000,0.0078,0,Sweep,666,48.83,3,3,0,22611.33,88,0,22962.89,13.67
901,500,6,4,2,2,2,2,6,16,16,0.0156,0.6667,0.5000,0.3078,0,Sweep,762,11302.73,1,0,1,7066.41,73,1,18679.69,13.67
902,500,7,6,4,2,1,2,8,16,16,0.0234,0.2000,0.3333,0.1384,1,Sweep-S1,5,15.63,1,0,1,7292.97,4,0,7621.09,9.77
903,501,8,7,4,3,4,2,9,16,16,0.0273,0.6667,0.4286,0.2994,0,1A,328489,8003.91,0,0,0,15355.47,159,0,23660.16,9.77
904,501,9,7,1,6,2,2,9,16,16,0.0273,0.3333,0.8571,0.2851,1,1A,129,15.63,1,1,0,4906.25,0,0,5537.11,13.67
905,502,2,1,1,0,0,3,4,16,16,0.0039,0.0000,0.0000,0.0020,1,Sweep-S1,5,15.63,1,1,0,5863.28,4,0,6189.45,9.77
906,503,3,2,2,0,0,3,5,16,16,0.0078,0.0000,0.0000,0.0039,1,Sweep-S1,5,13.67,1,0,1,5816.41,4,0,6132.81,9.77
907,504,4,3,3,0,0,3,6,16,16,0.0117,0.0000,0.0000,0.0059,1,Trivial,0,0.00,0,0,0,0.00,0,0,306.64,9.77
908,505,5,4,4,0,0,3,7,16,16,0.0156,0.0000,0.0000,0.0078,0,Sweep,790,13613.28,1,0,1,8308.59,85,1,22232.42,9.77
909,505,6,4,3,1,2,3,7,16,16,0.0156,0.6667,0.2500,0.2578,0,Sweep,154,392.58,3,0,3,31769.53,96,0,32472.66,9.77
910,505,7,5,2,3,3,3,8,16,16,0.0195,0.7500,0.6000,0.3548,0,Sweep,4804,427.73,3,3,0,30273.44,130,0,31011.72,9.77
911,505,8,5,4,1,2,3,8,16,16,0.0195,0.5000,0.2000,0.1998,0,Sweep,798,14375.00,1,0,1,11554.69,93,1,26240.23,11.72
912,505,9,6,5,1,1,3,9,16,16,0.0234,0.2000,0.1667,0.1051,0,Sweep,148,25.39,7,7,0,44371.09,129,0,44707.03,9.77
913,505,2,1,1,0,0,4,5,16,16,0.0039,0.0000,0.0000,0.0020,1,Sweep-S1,5,11.72,1,1,0,5869.14,4,0,6191.41,9.77
914,506,3,2,2,0,0,4,6,16,16,0.0078,0.0000,0.0000,0.0039,1,Sweep-S1,5,13.67,1,0,1,7302.73,4,0,7625.00,9.77
915,507,4,3,3,0,0,4,7,16,16,0.0117,0.0000,0.0000,0.0059,1,Trivial,0,0.00,0,0,0,0.00,0,0,300.78,9.77
916,508,5,4,2,2,1,4,8,16,16,0.0156,0.3333,0.5000,0.2078,0,Sweep,309,25.39,5,5,0,43462.89,164,0,43794.92,11.72
917,508,6,5,5,0,0,4,9,16,16,0.0195,0.0000,0.0000,0.0098,0,Sweep,279000,8009.77,0,0,0,9080.08,90,0,17392.58,9.77
918,508,7,6,3,3,1,4,10,16,16,0.0234,0.2000,0.5000,0.1717,0,Sweep,335400,8009.77,0,0,0,14117.19,146,0,22431.64,11.72
919,508,8,7,5,2,3,4,11,16,16,0.0273,0.5000,0.2857,0.2208,0,Sweep,906,10988.28,0,0,0,36542.97,193,0,47832.03,13.67
920,508,9,4,2,2,1,4,8,16,16,0.0156,0.3333,0.5000,0.2078,1,1B,1,11.72,1,0,1,6376.95,0,0,7003.91,9.77
921,509,2,1,1,0,0,0,1,16,16,0.0039,0.0000,0.0000,0.0020,1,Trivial,0,0.00,0,0,0,0.00,0,0,308.59,9.77
922,510,3,2,2,0,0,0,2,16,16,0.0078,0.0000,0.0000,0.0039,1,Sweep-S1,5,42.97,1,0,1,6572.27,4,0,6927.73,9.77
923,511,4,3,3,0,0,0,3,16,16,0.0117,0.0000,0.0000,0.0059,0,Sweep,758,6167.97,1,0,1,5128.91,53,1,11603.52,11.72
924,511,5,4,4,0,0,0,4,16,16,0.0156,0.0000,0.0000,0.0078,0,Sweep,650,41.02,2,2,0,17777.34,72,0,18125.00,9.77
925,511,6,5,5,0,0,0,5,16,16,0.0195,0.0000,0.0000,0.0098,0,Sweep,755,56.64,2,2,0,23033.20,106,0,23392.58,11.72
926,511,7,6,3,3,4,0,6,16,16,0.0234,0.8000,0.5000,0.3517,0,Sweep,5334,390.63,4,4,0,30083.98,124,0,30779.30,9.77
927,511,8,7,3,4,5,0,7,16,16,0.0273,0.8333,0.5714,0.3780,0,1A,299719,8009.77,0,0,0,12638.67,124,0,20958.98,11.72
928,511,9,6,3,3,3,0,6,16,16,0.0234,0.6000,0.5000,0.2917,1,Sweep-S1,18,13.67,1,0,1,8203.13,17,0,8523.44,11.72
929,512,2,1,1,0,0,1,2,16,16,0.0039,0.0000,0.0000,0.0020,1,Trivial,0,0.00,0,0,0,0.00,0,0,308.59,11.72
930,513,3,2,2,0,0,1,3,16,16,0.0078,0.0000,0.0000,0.0039,1,1B,1,15.63,1,0,1,6595.70,0,0,7220.70,11.72
931,514,4,3,2,1,1,1,4,16,16,0.0117,0.5000,0.3333,0.2225,1,Sweep-S1,61,15.63,1,1,0,12070.31,59,0,12390.63,11.72
932,515,5,4,1,3,1,1,5,16,16,0.0156,0.3333,0.7500,0.2578,0,Sweep,774,8988.28,1,0,1,7433.59,69,1,16728.52,11.72
933,515,6,3,2,1,1,1,4,16,16,0.0117,0.5000,0.3333,0.2225,1,Sweep-S1,5,15.63,1,0,1,8812.50,4,0,9138.67,9.77
934,516,7,4,4,0,0,1,5,16,16,0.0156,0.0000,0.0000,0.0078,1,Sweep-S1,32781,2546.88,1,0,1,6357.42,4,0,9214.84,13.67
935,517,8,5,3,2,3,1,6,16,16,0.0195,0.7500,0.4000,0.3148,0,Sweep,219800,8007.81,0,0,0,6750.00,66,0,15064.45,11.72
936,517,9,5,5,0,0,1,6,16,16,0.0195,0.0000,0.0000,0.0098,0,Sweep,778,8531.25,1,0,1,7076.17,73,1,15912.11,13.67
937,517,2,1,1,0,0,2,3,16,16,0.0039,0.0000,0.0000,0.0020,1,Trivial,0,0.00,0,0,0,0.00,0,0,304.69,9.77
938,518,3,2,2,0,0,2,4,16,16,0.0078,0.0000,0.0000,0.0039,1,1B,1,15.63,1,0,1,9220.70,0,0,9851.56,11.72
939,519,4,3,3,0,0,2,5,16,16,0.0117,0.0000,0.0000,0.0059,1,1B,1,17.58,1,0,1,7826.17,0,0,8460.94,11.72
940,520,5,4,3,1,1,2,6,16,16,0.0156,0.3333,0.2500,0.1578,0,Sweep,1314,101.56,2,2,0,24337.89,153,0,24748.05,13.67
941,520,6,4,3,1,2,2,6,16,16,0.0156,0.6667,0.2500,0.2578,1,Sweep-S1,5,15.63,1,0,1,7347.66,4,0,7671.88,11.72
942,521,7,5,4,1,2,2,7,16,16,0.0195,0.5000,0.2000,0.1998,1,Sweep-S1,640,56.64,4,4,0,30960.94,55,0,31326.17,11.72
943,522,8,7,2,5,1,2,9,16,16,0.0273,0.1667,0.7143,0.2065,0,Sweep,697,48.83,3,3,0,27599.61,120,0,27958.98,11.72
944,522,9,6,2,4,3,2,8,16,16,0.0234,0.6000,0.6667,0.3251,1,Sweep-S1,8,21.48,1,0,1,8335.94,7,0,8669.92,11.72
945,523,2,1,1,0,0,3,4,16,16,0.0039,0.0000,0.0000,0.0020,1,Sweep-S1,5,13.67,1,1,0,5402.34,4,0,5720.70,11.72
946,524,3,2,2,0,0,3,5,16,16,0.0078,0.0000,0.0000,0.0039,1,Sweep-S1,6,15.63,1,1,0,5392.58,4,0,5720.70,11.72
947,525,4,3,3,0,0,3,6,16,16,0.0117,0.0000,0.0000,0.0059,1,Sweep-S1,6,15.63,1,1,0,6818.36,4,0,7134.77,13.67
948,526,5,4,2,2,1,3,7,16,16,0.0156,0.3333,0.5000,0.2078,1,Sweep-S1,4686,367.19,3,3,0,14384.77,3,0,15058.59,11.72
949,527,6,5,3,2,3,3,8,16,16,0.0195,0.7500,0.4000,0.3148,0,Sweep,8412,814.45,4,4,0,29857.42,138,0,30984.38,9.77
950,527,7,4,2,2,1,3,7,16,16,0.0156,0.3333,0.5000,0.2078,0,Sweep,315400,8011.72,0,0,0,11523.44,117,0,19843.75,11.72
951,527,8,4,3,1,1,3,7,16,16,0.0156,0.3333,0.2500,0.1578,0,Sweep,144,11.72,1,1,0,19929.69,142,0,20244.14,11.72
952,527,9,5,1,4,2,3,8,16,16,0.0195,0.5000,0.8000,0.3198,0,Sweep,170,25.39,6,6,0,32789.06,96,0,33121.09,9.77
953,527,2,1,1,0,0,4,5,16,16,0.0039,0.0000,0.0000,0.0020,1,Trivial,0,0.00,0,0,0,0.00,0,0,304.69,9.77
954,528,3,2,2,0,0,4,6,16,16,0.0078,0.0000,0.0000,0.0039,0,Sweep,778,10992.19,1,0,1,6925.78,73,1,18230.47,9.77
955,528,4,3,2,1,1,4,7,16,16,0.0117,0.5000,0.3333,0.2225,1,Sweep-S1,63,11.72,1,1,0,9529.30,61,0,9845.70,11.72
956,529,5,4,2,2,3,4,8,16,16,0.0156,1.0000,0.5000,0.4078,0,Sweep,260000,8000.00,0,0,0,8552.73,90,0,16859.38,11.72
957,529,6,4,1,3,2,4,8,16,16,0.0156,0.6667,0.7500,0.3578,1,1B,1,13.67,1,0,1,5302.73,0,0,5917.97,11.72
958,530,7,5,4,1,1,4,9,16,16,0.0195,0.2500,0.2000,0.1248,1,1B,1,13.67,1,0,1,8044.92,0,0,8671.88,11.72
959,531,8,6,3,3,3,4,10,16,16,0.0234,0.6000,0.5000,0.2917,0,Sweep,814,14169.92,1,0,1,12857.42,109,1,27330.08,15.63
960,531,9,7,5,2,2,4,11,16,16,0.0273,0.3333,0.2857,0.1708,0,Sweep,900,9750.00,0,0,0,22705.08,131,0,32755.86,11.72
961,531,2,1,1,0,0,0,1,16,16,0.0039,0.0000,0.0000,0.0020,1,Trivial,0,0.00,0,0,0,0.00,0,0,310.55,11.72
962,532,3,2,2,0,0,0,2,16,16,0.0078,0.0000,0.0000,0.0039,1,1B,1,13.67,1,0,1,6824.22,0,0,7457.03,11.72
963,533,4,3,2,1,1,0,3,16,16,0.0117,0.5000,0.3333,0.2225,1,Sweep-S1,48,23.44,3,3,0,17720.70,31,0,18046.88,9.77
964,534,5,4,1,3,1,0,4,16,16,0.0156,0.3333,0.7500,0.2578,0,Sweep,748,52.73,3,3,0,22294.92,98,0,22652.34,9.77
965,534,6,3,1,2,2,0,3,16,16,0.0117,1.0000,0.6667,0.4392,0,Sweep,754,6310.55,1,0,1,4642.58,49,1,11265.63,11.72
966,534,7,6,1,5,2,0,6,16,16,0.0234,0.4000,0.8333,0.2984,0,Sweep,66779,4574.22,6,6,0,37953.13,136,0,42837.89,11.72
967,534,8,4,1,3,2,0,4,16,16,0.0156,0.6667,0.7500,0.3578,0,Sweep,795,7951.17,1,0,1,8650.39,90,1,16908.20,11.72
968,534,9,8,4,4,3,0,8,16,16,0.0313,0.4286,0.5000,0.2442,0,Sweep,829,13984.38,1,0,1,14636.72,124,1,28929.69,11.72
969,534,2,1,1,0,0,1,2,16,16,0.0039,0.0000,0.0000,0.0020,1,Trivial,0,0.00,0,0,0,0.00,0,0,310.55,9.77
970,535,3,2,2,0,0,1,3,16,16,0.0078,0.0000,0.0000,0.0039,1,Sweep-S1,5,11.72,1,0,1,7318.36,4,0,7634.77,9.77
971,536,4,3,1,2,2,1,4,16,16,0.0117,1.0000,0.6667,0.4392,1,Sweep-S1,6,13.67,1,0,1,7136.72,5,0,7458.98,9.77
972,537,5,4,3,1,2,1,5,16,16,0.0156,0.6667,0.2500,0.2578,0,Sweep,774,9025.39,1,0,1,6746.09,69,1,16082.03,9.77
973,537,6,5,2,3,3,1,6,16,16,0.0195,0.7500,0.6000,0.3548,1,Trivial,0,0.00,0,0,0,0.00,0,0,306.64,9.77
974,538,7,5,4,1,2,1,6,16,16,0.0195,0.5000,0.2000,0.1998,1,1B,1,13.67,1,0,1,6818.36,0,0,7451.17,13.67
975,539,8,6,4,2,3,1,7,16,16,0.0234,0.6000,0.3333,0.2584,1,Sweep-S1,139200,8000.00,0,0,0,259.77,2,0,8560.55,9.77
976,540,9,7,6,1,1,1,8,16,16,0.0273,0.1667,0.1429,0.0922,0,Sweep,4818,333.98,7,7,0,52193.36,145,0,52837.89,9.77
977,540,2,1,1,0,0,2,3,16,16,0.0039,0.0000,0.0000,0.0020,1,Sweep-S1,5,13.67,2,2,0,10101.56,4,0,10427.73,9.77
978,541,3,2,2,0,0,2,4,16,16,0.0078,0.0000,0.0000,0.0039,1,1B,1,11.72,1,0,1,6800.78,0,0,7425.78,11.72
979,542,4,3,3,0,0,2,5,16,16,0.0117,0.0000,0.0000,0.0059,0,Sweep,82,13.67,1,1,0,13652.34,73,0,13966.80,9.77
980,542,5,3,1,2,1,2,5,16,16,0.0117,0.5000,0.6667,0.2892,1,1B,1,13.67,1,0,1,5085.94,0,0,5708.98,11.72
981,543,6,3,0,3,0,2,5,16,16,0.0117,0.0000,1.0000,0.2059,0,Sweep,817,9572.27,1,0,1,10728.52,112,1,20609.38,9.77
982,543,7,6,3,3,3,2,8,16,16,0.0234,0.6000,0.5000,0.2917,1,1B,1,13.67,1,0,1,6595.70,0,0,7220.70,9.77
983,544,8,5,3,2,3,2,7,16,16,0.0195,0.7500,0.4000,0.3148,1,Sweep-S1,5,13.67,1,0,1,7126.95,4,0,7449.22,9.77
984,545,9,5,4,1,1,2,7,16,16,0.0195,0.2500,0.2000,0.1248,1,Sweep-S1,5,13.67,1,0,1,8095.70,4,0,8414.06,11.72
985,546,2,1,1,0,0,3,4,16,16,0.0039,0.0000,0.0000,0.0020,1,Trivial,0,0.00,0,0,0,0.00,0,0,300.78,9.77
986,547,3,2,2,0,0,3,5,16,16,0.0078,0.0000,0.0000,0.0039,1,Sweep-S1,21,23.44,5,5,0,30662.11,12,0,30998.05,11.72
987,548,4,3,1,2,1,3,6,16,16,0.0117,0.5000,0.6667,0.2892,0,Sweep,293,25.39,4,4,0,31091.80,99,0,31429.69,9.77
988,548,5,3,2,1,1,3,6,16,16,0.0117,0.5000,0.3333,0.2225,1,1B,1,11.72,1,0,1,7320.31,0,0,7949.22,11.72
989,549,6,5,2,3,3,3,8,16,16,0.0195,0.7500,0.6000,0.3548,0,Sweep,4902,412.11,4,4,0,30882.81,149,0,31605.47,9.77
990,549,7,6,4,2,3,3,9,16,16,0.0234,0.6000,0.3333,0.2584,1,Sweep-S1,191800,8003.91,0,0,0,3292.97,33,0,11605.47,9.77
991,550,8,5,3,2,4,3,8,16,16,0.0195,1.0000,0.4000,0.3898,1,Sweep-S1,158000,8013.67,0,0,0,1457.03,13,0,9775.39,11.72
992,551,9,7,2,5,3,3,10,16,16,0.0273,0.5000,0.7143,0.3065,1,1B,29,1005.86,2,0,2,16390.63,0,0,18005.86,11.72
993,552,2,1,1,0,0,4,5,16,16,0.0039,0.0000,0.0000,0.0020,1,Trivial,0,0.00,0,0,0,0.00,0,0,306.64,9.77
994,553,3,2,2,0,0,4,6,16,16,0.0078,0.0000,0.0000,0.0039,1,Sweep-S1,21,23.44,4,4,0,21773.44,12,0,22099.61,9.77
995,554,4,3,1,2,1,4,7,16,16,0.0117,0.5000,0.6667,0.2892,1,Sweep-S1,32792,2304.69,6,6,0,24783.20,13,0,27392.58,9.77
996,555,5,4,3,1,2,4,8,16,16,0.0156,0.6667,0.2500,0.2578,0,Sweep,253000,8007.81,0,0,0,7779.30,82,0,16095.70,11.72
997,555,6,4,2,2,3,4,8,16,16,0.0156,1.0000,0.5000,0.4078,1,1B,1,11.72,1,0,1,7318.36,0,0,7951.17,11.72
998,556,7,3,3,0,0,4,7,16,16,0.0117,0.0000,0.0000,0.0059,1,Sweep-S1,5,13.67,1,0,1,5646.48,4,0,5962.89,11.72
999,557,8,7,7,0,0,4,11,16,16,0.0273,0.0000,0.0000,0.0137,0,Sweep,814,19339.84,1,0,1,14351.56,109,1,34000.00,11.72
1000,557,9,8,8,0,0,4,12,16,16,0.0313,0.0000,0.0000,0.0156,0,None,0,0.00,0,0,0,0.00,0,0,0.00,13.67
